Timestamp,Peer ID,Type,Peer,Message
2025-02-28 12:46:25,P6,Connected,P2,Established connection
2025-02-28 12:46:25,P6,Requested Peers,P2,Requested full peer list
2025-02-28 12:46:25,P6,Sent,P2,Hello from P6 at 12:46:25
2025-02-28 12:46:25,P6,Connected,P6,Established connection
2025-02-28 12:46:25,P6,Broadcast,P2,Informing about new peer P6
2025-02-28 12:46:26,P6,Received,P1,Hello from P1 at 12:46:26
2025-02-28 12:46:26,P6,Connected,P1,Established connection
2025-02-28 12:46:26,P6,Received,P3,Hello from P3 at 12:46:26
2025-02-28 12:46:26,P6,Connected,P3,Established connection
2025-02-28 12:46:26,P6,Received,P2,Hello from P2 at 12:46:26
2025-02-28 12:46:26,P6,Received,P4,Hello from P4 at 12:46:26
2025-02-28 12:46:26,P6,Connected,P4,Established connection
2025-02-28 12:46:27,P6,Sent,P1,Hello from P6 at 12:46:27
2025-02-28 12:46:27,P6,Sent,P4,Hello from P6 at 12:46:27
2025-02-28 12:46:27,P6,Sent,P3,Hello from P6 at 12:46:27
2025-02-28 12:46:27,P6,Sent,P2,Hello from P6 at 12:46:27
2025-02-28 12:46:27,P6,Received,P6,Hello from P6 at 12:46:27
2025-02-28 12:46:28,P6,Received,P1,Hello from P1 at 12:46:28
2025-02-28 12:46:28,P6,Received,P3,Hello from P3 at 12:46:28
2025-02-28 12:46:28,P6,Received,P4,Hello from P4 at 12:46:28
2025-02-28 12:46:28,P6,Received,P2,Hello from P2 at 12:46:28
2025-02-28 12:46:29,P6,Sent,P1,Hello from P6 at 12:46:29
2025-02-28 12:46:29,P6,Sent,P4,Hello from P6 at 12:46:29
2025-02-28 12:46:29,P6,Sent,P3,Hello from P6 at 12:46:29
2025-02-28 12:46:29,P6,Sent,P2,Hello from P6 at 12:46:29
2025-02-28 12:46:30,P6,Received,P1,Hello from P1 at 12:46:30
2025-02-28 12:46:30,P6,Received,P3,Hello from P3 at 12:46:30
2025-02-28 12:46:30,P6,Received,P4,Hello from P4 at 12:46:30
2025-02-28 12:46:30,P6,Received,P2,Hello from P2 at 12:46:30
2025-02-28 12:46:31,P6,Sent,P1,Hello from P6 at 12:46:31
2025-02-28 12:46:31,P6,Sent,P4,Hello from P6 at 12:46:31
2025-02-28 12:46:31,P6,Received,P6,Hello from P6 at 12:46:31
2025-02-28 12:46:31,P6,Sent,P3,Hello from P6 at 12:46:31
2025-02-28 12:46:31,P6,Sent,P2,Hello from P6 at 12:46:31
2025-02-28 12:46:32,P6,Received,P1,Hello from P1 at 12:46:32
2025-02-28 12:46:32,P6,Received,P4,Hello from P4 at 12:46:32
2025-02-28 12:46:32,P6,Received,P2,Hello from P2 at 12:46:32
2025-02-28 12:46:32,P6,Received,P3,Hello from P3 at 12:46:32
2025-02-28 12:46:33,P6,Sent,P1,Hello from P6 at 12:46:33
2025-02-28 12:46:33,P6,Sent,P4,Hello from P6 at 12:46:33
2025-02-28 12:46:33,P6,Sent,P3,Hello from P6 at 12:46:33
2025-02-28 12:46:33,P6,Sent,P2,Hello from P6 at 12:46:33
2025-02-28 12:46:33,P6,Received,P6,Hello from P6 at 12:46:33
2025-02-28 12:46:34,P6,Connected,P5,Established connection
2025-02-28 12:46:34,P6,Broadcast,P1,Informing about new peer P5
2025-02-28 12:46:34,P6,Broadcast,P4,Informing about new peer P5
2025-02-28 12:46:34,P6,Broadcast,P3,Informing about new peer P5
2025-02-28 12:46:34,P6,Broadcast,P2,Informing about new peer P5
2025-02-28 12:46:34,P6,Received,P1,Hello from P1 at 12:46:34
2025-02-28 12:46:34,P6,Received,P2,Hello from P2 at 12:46:34
2025-02-28 12:46:34,P6,Received,P3,Hello from P3 at 12:46:34
2025-02-28 12:46:34,P6,Received,P4,Hello from P4 at 12:46:34
2025-02-28 12:46:35,P6,Sent,P1,Hello from P6 at 12:46:35
2025-02-28 12:46:35,P6,Sent,P5,Hello from P6 at 12:46:35
2025-02-28 12:46:35,P6,Sent,P4,Hello from P6 at 12:46:35
2025-02-28 12:46:35,P6,Sent,P3,Hello from P6 at 12:46:35
2025-02-28 12:46:35,P6,Sent,P2,Hello from P6 at 12:46:35
2025-02-28 12:46:35,P6,Received,P6,Hello from P6 at 12:46:35
2025-02-28 12:46:36,P6,Received,P5,Hello from P5 at 12:46:36
2025-02-28 12:46:36,P6,Received,P1,Hello from P1 at 12:46:36
2025-02-28 12:46:36,P6,Received,P2,Hello from P2 at 12:46:36
2025-02-28 12:46:36,P6,Received,P3,Hello from P3 at 12:46:36
2025-02-28 12:46:36,P6,Received,P4,Hello from P4 at 12:46:36
2025-02-28 12:46:37,P6,Sent,P1,Hello from P6 at 12:46:37
2025-02-28 12:46:37,P6,Sent,P5,Hello from P6 at 12:46:37
2025-02-28 12:46:37,P6,Sent,P4,Hello from P6 at 12:46:37
2025-02-28 12:46:37,P6,Sent,P3,Hello from P6 at 12:46:37
2025-02-28 12:46:37,P6,Sent,P2,Hello from P6 at 12:46:37
2025-02-28 12:46:38,P6,Received,P5,Hello from P5 at 12:46:38
2025-02-28 12:46:38,P6,Received,P1,Hello from P1 at 12:46:38
2025-02-28 12:46:38,P6,Received,P2,Hello from P2 at 12:46:38
2025-02-28 12:46:38,P6,Received,P3,Hello from P3 at 12:46:38
2025-02-28 12:46:38,P6,Received,P4,Hello from P4 at 12:46:38
2025-02-28 12:46:39,P6,Sent,P1,Hello from P6 at 12:46:39
2025-02-28 12:46:39,P6,Sent,P5,Hello from P6 at 12:46:39
2025-02-28 12:46:39,P6,Sent,P4,Hello from P6 at 12:46:39
2025-02-28 12:46:39,P6,Sent,P3,Hello from P6 at 12:46:39
2025-02-28 12:46:39,P6,Sent,P2,Hello from P6 at 12:46:39
2025-02-28 12:46:39,P6,Received,P6,Hello from P6 at 12:46:39
2025-02-28 12:46:40,P6,Received,P5,Hello from P5 at 12:46:40
2025-02-28 12:46:40,P6,Received,P1,Hello from P1 at 12:46:40
2025-02-28 12:46:40,P6,Received,P2,Hello from P2 at 12:46:40
2025-02-28 12:46:40,P6,Received,P3,Hello from P3 at 12:46:40
2025-02-28 12:46:40,P6,Received,P4,Hello from P4 at 12:46:40
2025-02-28 12:46:41,P6,Sent,P1,Hello from P6 at 12:46:41
2025-02-28 12:46:41,P6,Sent,P5,Hello from P6 at 12:46:41
2025-02-28 12:46:41,P6,Sent,P4,Hello from P6 at 12:46:41
2025-02-28 12:46:41,P6,Received,P6,Hello from P6 at 12:46:41
2025-02-28 12:46:41,P6,Sent,P3,Hello from P6 at 12:46:41
2025-02-28 12:46:41,P6,Sent,P2,Hello from P6 at 12:46:41
2025-02-28 12:46:42,P6,Received,P5,Hello from P5 at 12:46:42
2025-02-28 12:46:42,P6,Received,P1,Hello from P1 at 12:46:42
2025-02-28 12:46:42,P6,Received,P2,Hello from P2 at 12:46:42
2025-02-28 12:46:42,P6,Received,P4,Hello from P4 at 12:46:42
2025-02-28 12:46:42,P6,Received,P3,Hello from P3 at 12:46:42
2025-02-28 12:46:43,P6,Sent,P1,Hello from P6 at 12:46:43
2025-02-28 12:46:43,P6,Sent,P5,Hello from P6 at 12:46:43
2025-02-28 12:46:43,P6,Sent,P4,Hello from P6 at 12:46:43
2025-02-28 12:46:43,P6,Sent,P3,Hello from P6 at 12:46:43
2025-02-28 12:46:43,P6,Sent,P2,Hello from P6 at 12:46:43
2025-02-28 12:46:43,P6,Received,P6,Hello from P6 at 12:46:43
2025-02-28 12:46:44,P6,Received,P1,Hello from P1 at 12:46:44
2025-02-28 12:46:44,P6,Received,P2,Hello from P2 at 12:46:44
2025-02-28 12:46:44,P6,Received,P4,Hello from P4 at 12:46:44
2025-02-28 12:46:44,P6,Received,P3,Hello from P3 at 12:46:44
2025-02-28 12:46:45,P6,Sent,P1,Hello from P6 at 12:46:45
2025-02-28 12:46:45,P6,Sent,P5,Hello from P6 at 12:46:45
2025-02-28 12:46:45,P6,Sent,P4,Hello from P6 at 12:46:45
2025-02-28 12:46:45,P6,Sent,P3,Hello from P6 at 12:46:45
2025-02-28 12:46:45,P6,Sent,P2,Hello from P6 at 12:46:45
2025-02-28 12:46:45,P6,Received,P6,Hello from P6 at 12:46:45
2025-02-28 12:46:46,P6,Received,P5,Hello from P5 at 12:46:46
2025-02-28 12:46:46,P6,Received,P1,Hello from P1 at 12:46:46
2025-02-28 12:46:46,P6,Received,P2,Hello from P2 at 12:46:46
2025-02-28 12:46:46,P6,Received,P4,Hello from P4 at 12:46:46
2025-02-28 12:46:46,P6,Received,P3,Hello from P3 at 12:46:46
2025-02-28 12:46:47,P6,Sent,P1,Hello from P6 at 12:46:47
2025-02-28 12:46:47,P6,Sent,P5,Hello from P6 at 12:46:47
2025-02-28 12:46:47,P6,Sent,P4,Hello from P6 at 12:46:47
2025-02-28 12:46:47,P6,Sent,P3,Hello from P6 at 12:46:47
2025-02-28 12:46:47,P6,Sent,P2,Hello from P6 at 12:46:47
2025-02-28 12:46:47,P6,Received,P6,Hello from P6 at 12:46:47
2025-02-28 12:46:48,P6,Received,P5,Hello from P5 at 12:46:48
2025-02-28 12:46:48,P6,Received,P4,Hello from P4 at 12:46:48
2025-02-28 12:46:48,P6,Received,P1,Hello from P1 at 12:46:48
2025-02-28 12:46:48,P6,Received,P2,Hello from P2 at 12:46:48
2025-02-28 12:46:48,P6,Received,P3,Hello from P3 at 12:46:48
2025-02-28 12:46:49,P6,Sent,P1,Hello from P6 at 12:46:49
2025-02-28 12:46:49,P6,Sent,P5,Hello from P6 at 12:46:49
2025-02-28 12:46:49,P6,Sent,P4,Hello from P6 at 12:46:49
2025-02-28 12:46:49,P6,Sent,P3,Hello from P6 at 12:46:49
2025-02-28 12:46:49,P6,Sent,P2,Hello from P6 at 12:46:49
2025-02-28 12:46:50,P6,Received,P5,Hello from P5 at 12:46:50
2025-02-28 12:46:50,P6,Received,P4,Hello from P4 at 12:46:50
2025-02-28 12:46:50,P6,Received,P1,Hello from P1 at 12:46:50
2025-02-28 12:46:50,P6,Received,P2,Hello from P2 at 12:46:50
2025-02-28 12:46:50,P6,Received,P3,Hello from P3 at 12:46:50
2025-02-28 12:46:51,P6,Sent,P1,Hello from P6 at 12:46:51
2025-02-28 12:46:51,P6,Sent,P5,Hello from P6 at 12:46:51
2025-02-28 12:46:51,P6,Received,P6,Hello from P6 at 12:46:51
2025-02-28 12:46:51,P6,Sent,P4,Hello from P6 at 12:46:51
2025-02-28 12:46:51,P6,Sent,P3,Hello from P6 at 12:46:51
2025-02-28 12:46:51,P6,Sent,P2,Hello from P6 at 12:46:51
2025-02-28 12:46:52,P6,Received,P5,Hello from P5 at 12:46:52
2025-02-28 12:46:52,P6,Received,P1,Hello from P1 at 12:46:52
2025-02-28 12:46:52,P6,Received,P2,Hello from P2 at 12:46:52
2025-02-28 12:46:52,P6,Received,P4,Hello from P4 at 12:46:52
2025-02-28 12:46:52,P6,Received,P3,Hello from P3 at 12:46:52
2025-02-28 14:49:59,P6,Connected,P3,Established connection
2025-02-28 14:49:59,P6,Requested Peers,P3,Requested full peer list
2025-02-28 14:49:59,P6,Sent,P3,Hello from P6 at 14:49:59
2025-02-28 14:49:59,P6,Connected,P6,Established connection
2025-02-28 14:49:59,P6,Broadcast,P3,Informing about new peer P6
2025-02-28 14:49:59,P6,Received,P5,Hello from P5 at 14:49:59
2025-02-28 14:49:59,P6,Connected,P5,Established connection
2025-02-28 14:50:00,P6,Received,P3,Hello from P3 at 14:50:00
2025-02-28 14:50:00,P6,Received,P1,Hello from P1 at 14:50:00
2025-02-28 14:50:00,P6,Connected,P1,Established connection
2025-02-28 14:50:00,P6,Received,P4,Hello from P4 at 14:50:00
2025-02-28 14:50:00,P6,Connected,P4,Established connection
2025-02-28 14:50:00,P6,Received,P2,Hello from P2 at 14:50:00
2025-02-28 14:50:00,P6,Connected,P2,Established connection
2025-02-28 14:50:01,P6,Sent,P4,Hello from P6 at 14:50:01
2025-02-28 14:50:01,P6,Sent,P1,Hello from P6 at 14:50:01
2025-02-28 14:50:01,P6,Sent,P5,Hello from P6 at 14:50:01
2025-02-28 14:50:01,P6,Sent,P3,Hello from P6 at 14:50:01
2025-02-28 14:50:01,P6,Sent,P2,Hello from P6 at 14:50:01
2025-02-28 14:50:01,P6,Received,P6,Hello from P6 at 14:50:01
2025-02-28 14:50:01,P6,Received,P5,Hello from P5 at 14:50:01
2025-02-28 14:50:02,P6,Received,P3,Hello from P3 at 14:50:02
2025-02-28 14:50:02,P6,Received,P1,Hello from P1 at 14:50:02
2025-02-28 14:50:02,P6,Received,P4,Hello from P4 at 14:50:02
2025-02-28 14:50:02,P6,Received,P2,Hello from P2 at 14:50:02
2025-02-28 14:50:03,P6,Sent,P4,Hello from P6 at 14:50:03
2025-02-28 14:50:03,P6,Sent,P1,Hello from P6 at 14:50:03
2025-02-28 14:50:03,P6,Sent,P5,Hello from P6 at 14:50:03
2025-02-28 14:50:03,P6,Sent,P3,Hello from P6 at 14:50:03
2025-02-28 14:50:03,P6,Sent,P2,Hello from P6 at 14:50:03
2025-02-28 14:50:03,P6,Received,P6,Hello from P6 at 14:50:03
2025-02-28 14:50:03,P6,Received,P5,Hello from P5 at 14:50:03
2025-02-28 14:50:04,P6,Received,P3,Hello from P3 at 14:50:04
2025-02-28 14:50:04,P6,Received,P1,Hello from P1 at 14:50:04
2025-02-28 14:50:04,P6,Received,P2,Hello from P2 at 14:50:04
2025-02-28 14:50:04,P6,Received,P4,Hello from P4 at 14:50:04
2025-02-28 14:50:05,P6,Sent,P4,Hello from P6 at 14:50:05
2025-02-28 14:50:05,P6,Sent,P1,Hello from P6 at 14:50:05
2025-02-28 14:50:05,P6,Sent,P5,Hello from P6 at 14:50:05
2025-02-28 14:50:05,P6,Sent,P3,Hello from P6 at 14:50:05
2025-02-28 14:50:05,P6,Sent,P2,Hello from P6 at 14:50:05
2025-02-28 14:50:06,P6,Received,P3,Hello from P3 at 14:50:06
2025-02-28 14:50:06,P6,Received,P1,Hello from P1 at 14:50:06
2025-02-28 14:50:06,P6,Received,P4,Hello from P4 at 14:50:06
2025-02-28 14:50:06,P6,Received,P2,Hello from P2 at 14:50:06
2025-02-28 14:50:07,P6,Sent,P4,Hello from P6 at 14:50:07
2025-02-28 14:50:07,P6,Sent,P1,Hello from P6 at 14:50:07
2025-02-28 14:50:07,P6,Received,P6,Hello from P6 at 14:50:07
2025-02-28 14:50:07,P6,Sent,P5,Hello from P6 at 14:50:07
2025-02-28 14:50:07,P6,Sent,P3,Hello from P6 at 14:50:07
2025-02-28 14:50:07,P6,Sent,P2,Hello from P6 at 14:50:07
2025-02-28 14:50:07,P6,Received,P5,Hello from P5 at 14:50:07
2025-02-28 14:50:08,P6,Received,P3,Hello from P3 at 14:50:08
2025-02-28 14:50:08,P6,Received,P1,Hello from P1 at 14:50:08
2025-02-28 14:50:08,P6,Received,P4,Hello from P4 at 14:50:08
2025-02-28 14:50:08,P6,Received,P2,Hello from P2 at 14:50:08
2025-02-28 14:50:09,P6,Sent,P4,Hello from P6 at 14:50:09
2025-02-28 14:50:09,P6,Sent,P1,Hello from P6 at 14:50:09
2025-02-28 14:50:09,P6,Sent,P5,Hello from P6 at 14:50:09
2025-02-28 14:50:09,P6,Sent,P3,Hello from P6 at 14:50:09
2025-02-28 14:50:09,P6,Sent,P2,Hello from P6 at 14:50:09
2025-02-28 14:50:09,P6,Received,P6,Hello from P6 at 14:50:09
2025-02-28 14:50:09,P6,Received,P5,Hello from P5 at 14:50:09
2025-02-28 14:50:10,P6,Received,P3,Hello from P3 at 14:50:10
2025-02-28 14:50:10,P6,Received,P1,Hello from P1 at 14:50:10
2025-02-28 14:50:10,P6,Received,P4,Hello from P4 at 14:50:10
2025-02-28 14:50:10,P6,Received,P2,Hello from P2 at 14:50:10
2025-02-28 14:50:11,P6,Sent,P4,Hello from P6 at 14:50:11
2025-02-28 14:50:11,P6,Sent,P1,Hello from P6 at 14:50:11
2025-02-28 14:50:11,P6,Sent,P5,Hello from P6 at 14:50:11
2025-02-28 14:50:11,P6,Sent,P3,Hello from P6 at 14:50:11
2025-02-28 14:50:11,P6,Received,P6,Hello from P6 at 14:50:11
2025-02-28 14:50:11,P6,Sent,P2,Hello from P6 at 14:50:11
2025-02-28 14:50:11,P6,Received,P5,Hello from P5 at 14:50:11
2025-02-28 14:50:12,P6,Received,P3,Hello from P3 at 14:50:12
2025-02-28 14:50:12,P6,Received,P1,Hello from P1 at 14:50:12
2025-02-28 14:50:12,P6,Received,P4,Hello from P4 at 14:50:12
2025-02-28 14:50:12,P6,Received,P2,Hello from P2 at 14:50:12
2025-02-28 14:50:13,P6,Sent,P4,Hello from P6 at 14:50:13
2025-02-28 14:50:13,P6,Sent,P1,Hello from P6 at 14:50:13
2025-02-28 14:50:13,P6,Sent,P5,Hello from P6 at 14:50:13
2025-02-28 14:50:13,P6,Sent,P3,Hello from P6 at 14:50:13
2025-02-28 14:50:13,P6,Sent,P2,Hello from P6 at 14:50:13
2025-02-28 14:50:13,P6,Received,P6,Hello from P6 at 14:50:13
2025-02-28 14:50:13,P6,Received,P5,Hello from P5 at 14:50:13
2025-02-28 14:50:14,P6,Received,P3,Hello from P3 at 14:50:14
2025-02-28 14:50:14,P6,Received,P1,Hello from P1 at 14:50:14
2025-02-28 14:50:14,P6,Received,P4,Hello from P4 at 14:50:14
2025-02-28 14:50:14,P6,Received,P2,Hello from P2 at 14:50:14
2025-02-28 14:50:15,P6,Sent,P4,Hello from P6 at 14:50:15
2025-02-28 14:50:15,P6,Sent,P1,Hello from P6 at 14:50:15
2025-02-28 14:50:15,P6,Sent,P5,Hello from P6 at 14:50:15
2025-02-28 14:50:15,P6,Sent,P3,Hello from P6 at 14:50:15
2025-02-28 14:50:15,P6,Sent,P2,Hello from P6 at 14:50:15
2025-02-28 14:50:15,P6,Received,P6,Hello from P6 at 14:50:15
2025-02-28 14:50:15,P6,Received,P5,Hello from P5 at 14:50:15
2025-02-28 14:50:16,P6,Received,P3,Hello from P3 at 14:50:16
2025-02-28 14:50:16,P6,Received,P1,Hello from P1 at 14:50:16
2025-02-28 14:50:16,P6,Received,P4,Hello from P4 at 14:50:16
2025-02-28 14:50:16,P6,Received,P2,Hello from P2 at 14:50:16
2025-02-28 14:50:17,P6,Sent,P4,Hello from P6 at 14:50:17
2025-02-28 14:50:17,P6,Sent,P1,Hello from P6 at 14:50:17
2025-02-28 14:50:17,P6,Sent,P5,Hello from P6 at 14:50:17
2025-02-28 14:50:17,P6,Sent,P3,Hello from P6 at 14:50:17
2025-02-28 14:50:17,P6,Sent,P2,Hello from P6 at 14:50:17
2025-02-28 14:50:18,P6,Received,P3,Hello from P3 at 14:50:18
2025-02-28 14:50:18,P6,Received,P1,Hello from P1 at 14:50:18
2025-02-28 14:50:18,P6,Received,P4,Hello from P4 at 14:50:18
2025-02-28 14:50:18,P6,Received,P2,Hello from P2 at 14:50:18
2025-02-28 14:50:19,P6,Sent,P4,Hello from P6 at 14:50:19
2025-02-28 14:50:19,P6,Sent,P1,Hello from P6 at 14:50:19
2025-02-28 14:50:19,P6,Received,P6,Hello from P6 at 14:50:19
2025-02-28 14:50:19,P6,Sent,P5,Hello from P6 at 14:50:19
2025-02-28 14:50:19,P6,Sent,P3,Hello from P6 at 14:50:19
2025-02-28 14:50:19,P6,Sent,P2,Hello from P6 at 14:50:19
2025-02-28 14:50:19,P6,Received,P5,Hello from P5 at 14:50:19
2025-02-28 14:50:20,P6,Received,P3,Hello from P3 at 14:50:20
2025-02-28 14:50:20,P6,Received,P1,Hello from P1 at 14:50:20
2025-02-28 14:50:20,P6,Received,P4,Hello from P4 at 14:50:20
2025-02-28 14:50:20,P6,Received,P2,Hello from P2 at 14:50:20
2025-02-28 14:50:21,P6,Sent,P4,Hello from P6 at 14:50:21
2025-02-28 14:50:21,P6,Sent,P1,Hello from P6 at 14:50:21
2025-02-28 14:50:21,P6,Received,P6,Hello from P6 at 14:50:21
2025-02-28 14:50:21,P6,Sent,P5,Hello from P6 at 14:50:21
2025-02-28 14:50:21,P6,Sent,P3,Hello from P6 at 14:50:21
2025-02-28 14:50:21,P6,Sent,P2,Hello from P6 at 14:50:21
2025-02-28 14:50:21,P6,Received,P5,Hello from P5 at 14:50:21
2025-02-28 14:50:22,P6,Received,P3,Hello from P3 at 14:50:22
2025-02-28 14:50:22,P6,Received,P1,Hello from P1 at 14:50:22
2025-02-28 14:50:22,P6,Received,P4,Hello from P4 at 14:50:22
2025-02-28 14:50:22,P6,Received,P2,Hello from P2 at 14:50:22
2025-02-28 14:50:23,P6,Sent,P4,Hello from P6 at 14:50:23
2025-02-28 14:50:23,P6,Sent,P1,Hello from P6 at 14:50:23
2025-02-28 14:50:23,P6,Sent,P5,Hello from P6 at 14:50:23
2025-02-28 14:50:23,P6,Sent,P3,Hello from P6 at 14:50:23
2025-02-28 14:50:23,P6,Sent,P2,Hello from P6 at 14:50:23
2025-02-28 14:50:23,P6,Received,P6,Hello from P6 at 14:50:23
2025-02-28 14:50:23,P6,Received,P5,Hello from P5 at 14:50:23
2025-02-28 14:50:24,P6,Received,P3,Hello from P3 at 14:50:24
2025-02-28 14:50:24,P6,Received,P1,Hello from P1 at 14:50:24
2025-02-28 14:50:24,P6,Received,P2,Hello from P2 at 14:50:24
2025-02-28 14:50:24,P6,Received,P4,Hello from P4 at 14:50:24
2025-02-28 14:50:25,P6,Sent,P4,Hello from P6 at 14:50:25
2025-02-28 14:50:25,P6,Sent,P1,Hello from P6 at 14:50:25
2025-02-28 14:50:25,P6,Sent,P5,Hello from P6 at 14:50:25
2025-02-28 14:50:25,P6,Sent,P3,Hello from P6 at 14:50:25
2025-02-28 14:50:25,P6,Received,P6,Hello from P6 at 14:50:25
2025-02-28 14:50:25,P6,Sent,P2,Hello from P6 at 14:50:25
2025-02-28 14:50:25,P6,Received,P5,Hello from P5 at 14:50:25
2025-02-28 14:50:26,P6,Received,P3,Hello from P3 at 14:50:26
2025-02-28 14:50:26,P6,Received,P1,Hello from P1 at 14:50:26
2025-02-28 14:50:26,P6,Received,P2,Hello from P2 at 14:50:26
2025-02-28 14:50:26,P6,Received,P4,Hello from P4 at 14:50:26
2025-02-28 14:50:27,P6,Sent,P4,Hello from P6 at 14:50:27
2025-02-28 14:50:27,P6,Sent,P1,Hello from P6 at 14:50:27
2025-02-28 14:50:27,P6,Sent,P5,Hello from P6 at 14:50:27
2025-02-28 14:50:27,P6,Sent,P3,Hello from P6 at 14:50:27
2025-02-28 14:50:27,P6,Sent,P2,Hello from P6 at 14:50:27
2025-02-28 14:50:27,P6,Received,P6,Hello from P6 at 14:50:27
2025-02-28 14:50:27,P6,Received,P5,Hello from P5 at 14:50:27
2025-02-28 14:50:28,P6,Received,P3,Hello from P3 at 14:50:28
2025-02-28 14:50:28,P6,Received,P1,Hello from P1 at 14:50:28
2025-02-28 14:50:28,P6,Received,P2,Hello from P2 at 14:50:28
2025-02-28 14:50:28,P6,Received,P4,Hello from P4 at 14:50:28
2025-02-28 14:50:29,P6,Sent,P4,Hello from P6 at 14:50:29
2025-02-28 14:50:29,P6,Sent,P1,Hello from P6 at 14:50:29
2025-02-28 14:50:29,P6,Sent,P5,Hello from P6 at 14:50:29
2025-02-28 14:50:29,P6,Sent,P3,Hello from P6 at 14:50:29
2025-02-28 14:50:29,P6,Sent,P2,Hello from P6 at 14:50:29
