Timestamp,Type,Peer,Message,Source Peer
2025-02-19 20:36:43,Sent,P2,Hello from P1 at 20:36:43,P1
2025-02-19 20:36:43,Sent,P3,Hello from P1 at 20:36:43,P1
2025-02-19 20:36:43,Sent,P4,Hello from P1 at 20:36:43,P1
2025-02-19 20:36:43,Received,P4,Hello from P4 at 20:36:43,P1
2025-02-19 20:36:43,Received,P2,Hello from P2 at 20:36:43,P1
2025-02-19 20:36:43,Received,P3,Hello from P3 at 20:36:43,P1
2025-02-19 20:36:45,Sent,P2,Hello from P1 at 20:36:45,P1
2025-02-19 20:36:45,Sent,P3,Hello from P1 at 20:36:45,P1
2025-02-19 20:36:45,Sent,P4,Hello from P1 at 20:36:45,P1
2025-02-19 20:36:45,Received,P4,Hello from P4 at 20:36:45,P1
2025-02-19 20:36:45,Received,P2,Hello from P2 at 20:36:45,P1
2025-02-19 20:36:45,Received,P3,Hello from P3 at 20:36:45,P1
2025-02-19 20:36:47,Sent,P2,Hello from P1 at 20:36:47,P1
2025-02-19 20:36:47,Sent,P3,Hello from P1 at 20:36:47,P1
2025-02-19 20:36:47,Sent,P4,Hello from P1 at 20:36:47,P1
2025-02-19 20:36:47,Received,P2,Hello from P2 at 20:36:47,P1
2025-02-19 20:36:47,Received,P4,Hello from P4 at 20:36:47,P1
2025-02-19 20:36:47,Received,P3,Hello from P3 at 20:36:47,P1
2025-02-19 20:36:49,Sent,P2,Hello from P1 at 20:36:49,P1
2025-02-19 20:36:49,Sent,P3,Hello from P1 at 20:36:49,P1
2025-02-19 20:36:49,Sent,P4,Hello from P1 at 20:36:49,P1
2025-02-19 20:36:49,Received,P4,Hello from P4 at 20:36:49,P1
2025-02-19 20:36:49,Received,P2,Hello from P2 at 20:36:49,P1
2025-02-19 20:36:49,Received,P3,Hello from P3 at 20:36:49,P1
2025-02-19 20:36:51,Sent,P2,Hello from P1 at 20:36:51,P1
2025-02-19 20:36:51,Sent,P3,Hello from P1 at 20:36:51,P1
2025-02-19 20:36:51,Sent,P4,Hello from P1 at 20:36:51,P1
2025-02-19 20:36:51,Received,P2,Hello from P2 at 20:36:51,P1
2025-02-19 20:36:51,Received,P4,Hello from P4 at 20:36:51,P1
2025-02-19 20:36:51,Received,P3,Hello from P3 at 20:36:51,P1
2025-02-19 20:36:53,Sent,P2,Hello from P1 at 20:36:53,P1
2025-02-19 20:36:53,Sent,P3,Hello from P1 at 20:36:53,P1
2025-02-19 20:36:53,Sent,P4,Hello from P1 at 20:36:53,P1
2025-02-19 20:36:53,Received,P4,Hello from P4 at 20:36:53,P1
2025-02-19 20:36:53,Received,P2,Hello from P2 at 20:36:53,P1
2025-02-19 20:36:53,Received,P3,Hello from P3 at 20:36:53,P1
2025-02-19 20:36:55,Sent,P2,Hello from P1 at 20:36:55,P1
2025-02-19 20:36:55,Sent,P3,Hello from P1 at 20:36:55,P1
2025-02-19 20:36:55,Sent,P4,Hello from P1 at 20:36:55,P1
2025-02-19 20:36:55,Received,P4,Hello from P4 at 20:36:55,P1
2025-02-19 20:36:55,Received,P3,Hello from P3 at 20:36:55,P1
2025-02-19 20:36:55,Received,P2,Hello from P2 at 20:36:55,P1
2025-02-19 20:36:57,Sent,P2,Hello from P1 at 20:36:57,P1
2025-02-19 20:36:57,Sent,P3,Hello from P1 at 20:36:57,P1
2025-02-19 20:36:57,Sent,P4,Hello from P1 at 20:36:57,P1
2025-02-19 20:36:57,Received,P2,Hello from P2 at 20:36:57,P1
2025-02-19 20:36:57,Received,P3,Hello from P3 at 20:36:57,P1
2025-02-19 20:36:57,Received,P4,Hello from P4 at 20:36:57,P1
2025-02-19 20:36:59,Sent,P2,Hello from P1 at 20:36:59,P1
2025-02-19 20:36:59,Sent,P3,Hello from P1 at 20:36:59,P1
2025-02-19 20:36:59,Sent,P4,Hello from P1 at 20:36:59,P1
2025-02-19 20:36:59,Received,P2,Hello from P2 at 20:36:59,P1
2025-02-19 20:36:59,Received,P3,Hello from P3 at 20:36:59,P1
2025-02-19 20:36:59,Received,P4,Hello from P4 at 20:36:59,P1
2025-02-19 20:37:01,Sent,P2,Hello from P1 at 20:37:01,P1
2025-02-19 20:37:01,Sent,P3,Hello from P1 at 20:37:01,P1
2025-02-19 20:37:01,Sent,P4,Hello from P1 at 20:37:01,P1
2025-02-19 20:37:01,Received,P2,Hello from P2 at 20:37:01,P1
2025-02-19 20:37:01,Received,P3,Hello from P3 at 20:37:01,P1
2025-02-19 20:37:01,Received,P4,Hello from P4 at 20:37:01,P1
2025-02-19 20:37:03,Sent,P2,Hello from P1 at 20:37:03,P1
2025-02-19 20:37:03,Sent,P3,Hello from P1 at 20:37:03,P1
2025-02-19 20:37:03,Sent,P4,Hello from P1 at 20:37:03,P1
2025-02-19 20:37:03,Received,P2,Hello from P2 at 20:37:03,P1
2025-02-19 20:37:03,Received,P3,Hello from P3 at 20:37:03,P1
2025-02-19 20:37:03,Received,P4,Hello from P4 at 20:37:03,P1
2025-02-19 20:37:05,Sent,P2,Hello from P1 at 20:37:05,P1
2025-02-19 20:37:05,Sent,P3,Hello from P1 at 20:37:05,P1
2025-02-19 20:37:05,Sent,P4,Hello from P1 at 20:37:05,P1
2025-02-19 20:37:05,Received,P2,Hello from P2 at 20:37:05,P1
2025-02-19 20:37:05,Received,P3,Hello from P3 at 20:37:05,P1
2025-02-19 20:37:05,Received,P4,Hello from P4 at 20:37:05,P1
2025-02-19 20:37:07,Sent,P2,Hello from P1 at 20:37:07,P1
2025-02-19 20:37:07,Sent,P3,Hello from P1 at 20:37:07,P1
2025-02-19 20:37:07,Sent,P4,Hello from P1 at 20:37:07,P1
2025-02-19 20:37:07,Received,P2,Hello from P2 at 20:37:07,P1
2025-02-19 20:37:07,Received,P3,Hello from P3 at 20:37:07,P1
2025-02-19 20:37:07,Received,P4,Hello from P4 at 20:37:07,P1
2025-02-19 20:37:09,Sent,P2,Hello from P1 at 20:37:09,P1
2025-02-19 20:37:09,Sent,P3,Hello from P1 at 20:37:09,P1
2025-02-19 20:37:09,Sent,P4,Hello from P1 at 20:37:09,P1
2025-02-19 20:37:09,Received,P3,Hello from P3 at 20:37:09,P1
2025-02-19 20:37:09,Received,P2,Hello from P2 at 20:37:09,P1
2025-02-19 20:37:09,Received,P4,Hello from P4 at 20:37:09,P1
2025-02-19 20:37:11,Sent,P2,Hello from P1 at 20:37:11,P1
2025-02-19 20:37:11,Received,P2,Hello from P2 at 20:37:11,P1
2025-02-19 20:37:11,Sent,P3,Hello from P1 at 20:37:11,P1
2025-02-19 20:37:11,Received,P3,Hello from P3 at 20:37:11,P1
2025-02-19 20:37:11,Sent,P4,Hello from P1 at 20:37:11,P1
2025-02-19 20:37:11,Received,P4,Hello from P4 at 20:37:11,P1
2025-02-19 20:37:13,Sent,P2,Hello from P1 at 20:37:13,P1
2025-02-19 20:37:13,Sent,P3,Hello from P1 at 20:37:13,P1
2025-02-19 20:37:13,Sent,P4,Hello from P1 at 20:37:13,P1
2025-02-19 20:37:13,Received,P4,Hello from P4 at 20:37:13,P1
2025-02-19 20:37:13,Received,P3,Hello from P3 at 20:37:13,P1
2025-02-19 20:37:13,Received,P2,Hello from P2 at 20:37:13,P1
2025-02-19 20:37:15,Sent,P2,Hello from P1 at 20:37:15,P1
2025-02-19 20:37:15,Sent,P3,Hello from P1 at 20:37:15,P1
2025-02-19 20:37:15,Sent,P4,Hello from P1 at 20:37:15,P1
2025-02-19 20:37:15,Received,P2,Hello from P2 at 20:37:15,P1
2025-02-19 20:37:15,Received,P3,Hello from P3 at 20:37:15,P1
2025-02-19 20:37:15,Received,P4,Hello from P4 at 20:37:15,P1
2025-02-19 20:37:17,Sent,P2,Hello from P1 at 20:37:17,P1
2025-02-19 20:37:17,Sent,P3,Hello from P1 at 20:37:17,P1
2025-02-19 20:37:17,Sent,P4,Hello from P1 at 20:37:17,P1
2025-02-19 20:37:17,Received,P2,Hello from P2 at 20:37:17,P1
2025-02-19 20:37:17,Received,P3,Hello from P3 at 20:37:17,P1
2025-02-19 20:37:17,Received,P4,Hello from P4 at 20:37:17,P1
2025-02-19 20:37:19,Sent,P2,Hello from P1 at 20:37:19,P1
2025-02-19 20:37:19,Sent,P3,Hello from P1 at 20:37:19,P1
2025-02-19 20:37:19,Sent,P4,Hello from P1 at 20:37:19,P1
2025-02-19 20:37:19,Received,P2,Hello from P2 at 20:37:19,P1
2025-02-19 20:37:19,Received,P3,Hello from P3 at 20:37:19,P1
2025-02-19 20:37:19,Received,P4,Hello from P4 at 20:37:19,P1
2025-02-19 20:37:21,Sent,P2,Hello from P1 at 20:37:21,P1
2025-02-19 20:37:21,Sent,P3,Hello from P1 at 20:37:21,P1
2025-02-19 20:37:21,Sent,P4,Hello from P1 at 20:37:21,P1
2025-02-19 20:37:21,Received,P3,Hello from P3 at 20:37:21,P1
2025-02-19 20:37:21,Received,P2,Hello from P2 at 20:37:21,P1
2025-02-19 20:37:21,Received,P4,Hello from P4 at 20:37:21,P1
2025-02-19 20:37:23,Sent,P2,Hello from P1 at 20:37:23,P1
2025-02-19 20:37:23,Sent,P3,Hello from P1 at 20:37:23,P1
2025-02-19 20:37:23,Sent,P4,Hello from P1 at 20:37:23,P1
2025-02-19 20:37:23,Received,P2,Hello from P2 at 20:37:23,P1
2025-02-19 20:37:23,Received,P3,Hello from P3 at 20:37:23,P1
2025-02-19 20:37:23,Received,P4,Hello from P4 at 20:37:23,P1
2025-02-19 20:37:25,Sent,P2,Hello from P1 at 20:37:25,P1
2025-02-19 20:37:25,Sent,P3,Hello from P1 at 20:37:25,P1
2025-02-19 20:37:25,Sent,P4,Hello from P1 at 20:37:25,P1
2025-02-19 20:37:25,Received,P3,Hello from P3 at 20:37:25,P1
2025-02-19 20:37:25,Received,P2,Hello from P2 at 20:37:25,P1
2025-02-19 20:37:25,Received,P4,Hello from P4 at 20:37:25,P1
2025-02-19 20:37:27,Sent,P2,Hello from P1 at 20:37:27,P1
2025-02-19 20:37:27,Sent,P3,Hello from P1 at 20:37:27,P1
2025-02-19 20:37:27,Sent,P4,Hello from P1 at 20:37:27,P1
2025-02-19 20:37:27,Received,P3,Hello from P3 at 20:37:27,P1
2025-02-19 20:37:27,Received,P2,Hello from P2 at 20:37:27,P1
2025-02-19 20:37:27,Received,P4,Hello from P4 at 20:37:27,P1
2025-02-19 20:37:29,Sent,P2,Hello from P1 at 20:37:29,P1
2025-02-19 20:37:29,Sent,P3,Hello from P1 at 20:37:29,P1
2025-02-19 20:37:29,Sent,P4,Hello from P1 at 20:37:29,P1
2025-02-19 20:37:29,Received,P3,Hello from P3 at 20:37:29,P1
2025-02-19 20:37:29,Received,P2,Hello from P2 at 20:37:29,P1
2025-02-19 20:37:29,Received,P4,Hello from P4 at 20:37:29,P1
2025-02-19 20:37:31,Sent,P2,Hello from P1 at 20:37:31,P1
2025-02-19 20:37:31,Sent,P3,Hello from P1 at 20:37:31,P1
2025-02-19 20:37:31,Sent,P4,Hello from P1 at 20:37:31,P1
2025-02-19 20:37:31,Received,P3,Hello from P3 at 20:37:31,P1
2025-02-19 20:37:31,Received,P2,Hello from P2 at 20:37:31,P1
2025-02-19 20:37:31,Received,P4,Hello from P4 at 20:37:31,P1
2025-02-19 20:37:33,Sent,P2,Hello from P1 at 20:37:33,P1
2025-02-19 20:37:33,Sent,P3,Hello from P1 at 20:37:33,P1
2025-02-19 20:37:33,Sent,P4,Hello from P1 at 20:37:33,P1
2025-02-19 20:37:33,Received,P3,Hello from P3 at 20:37:33,P1
2025-02-19 20:37:33,Received,P2,Hello from P2 at 20:37:33,P1
2025-02-19 20:37:33,Received,P4,Hello from P4 at 20:37:33,P1
2025-02-19 20:37:35,Sent,P2,Hello from P1 at 20:37:35,P1
2025-02-19 20:37:35,Sent,P3,Hello from P1 at 20:37:35,P1
2025-02-19 20:37:35,Sent,P4,Hello from P1 at 20:37:35,P1
2025-02-19 20:37:35,Received,P3,Hello from P3 at 20:37:35,P1
2025-02-19 20:37:35,Received,P2,Hello from P2 at 20:37:35,P1
2025-02-19 20:37:35,Received,P4,Hello from P4 at 20:37:35,P1
2025-02-19 20:37:37,Sent,P2,Hello from P1 at 20:37:37,P1
2025-02-19 20:37:37,Sent,P3,Hello from P1 at 20:37:37,P1
2025-02-19 20:37:37,Sent,P4,Hello from P1 at 20:37:37,P1
2025-02-19 20:37:37,Received,P3,Hello from P3 at 20:37:37,P1
2025-02-19 20:37:37,Received,P2,Hello from P2 at 20:37:37,P1
2025-02-19 20:37:37,Received,P4,Hello from P4 at 20:37:37,P1
2025-02-19 20:37:39,Sent,P2,Hello from P1 at 20:37:39,P1
2025-02-19 20:37:39,Sent,P3,Hello from P1 at 20:37:39,P1
2025-02-19 20:37:39,Sent,P4,Hello from P1 at 20:37:39,P1
2025-02-19 20:37:39,Received,P2,Hello from P2 at 20:37:39,P1
2025-02-19 20:37:39,Received,P3,Hello from P3 at 20:37:39,P1
2025-02-19 20:37:39,Received,P4,Hello from P4 at 20:37:39,P1
2025-02-19 20:37:41,Sent,P2,Hello from P1 at 20:37:41,P1
2025-02-19 20:37:41,Sent,P3,Hello from P1 at 20:37:41,P1
2025-02-19 20:37:41,Sent,P4,Hello from P1 at 20:37:41,P1
2025-02-19 20:37:41,Received,P3,Hello from P3 at 20:37:41,P1
2025-02-19 20:37:41,Received,P2,Hello from P2 at 20:37:41,P1
2025-02-19 20:37:41,Received,P4,Hello from P4 at 20:37:41,P1
2025-02-22 20:46:49,Sent,P2,Hello from P1 at 20:46:49,P1
2025-02-22 20:46:49,Sent,P3,Hello from P1 at 20:46:49,P1
2025-02-22 20:46:49,Sent,P4,Hello from P1 at 20:46:49,P1
2025-02-22 20:46:49,Received,P3,Hello from P3 at 20:46:49,P1
2025-02-22 20:46:49,Received,P2,Hello from P2 at 20:46:49,P1
2025-02-22 20:46:49,Received,P4,Hello from P4 at 20:46:49,P1
2025-02-22 20:46:51,Sent,P2,Hello from P1 at 20:46:51,P1
2025-02-22 20:46:51,Sent,P3,Hello from P1 at 20:46:51,P1
2025-02-22 20:46:51,Sent,P4,Hello from P1 at 20:46:51,P1
2025-02-22 20:46:51,Received,P3,Hello from P3 at 20:46:51,P1
2025-02-22 20:46:51,Received,P2,Hello from P2 at 20:46:51,P1
2025-02-22 20:46:51,Received,P4,Hello from P4 at 20:46:51,P1
2025-02-22 20:46:53,Sent,P2,Hello from P1 at 20:46:53,P1
2025-02-22 20:46:53,Sent,P3,Hello from P1 at 20:46:53,P1
2025-02-22 20:46:53,Sent,P4,Hello from P1 at 20:46:53,P1
2025-02-22 20:46:53,Received,P3,Hello from P3 at 20:46:53,P1
2025-02-22 20:46:53,Received,P4,Hello from P4 at 20:46:53,P1
2025-02-22 20:46:53,Received,P2,Hello from P2 at 20:46:53,P1
2025-02-22 20:46:55,Sent,P2,Hello from P1 at 20:46:55,P1
2025-02-22 20:46:55,Sent,P3,Hello from P1 at 20:46:55,P1
2025-02-22 20:46:55,Sent,P4,Hello from P1 at 20:46:55,P1
2025-02-22 20:46:55,Received,P3,Hello from P3 at 20:46:55,P1
2025-02-22 20:46:55,Received,P4,Hello from P4 at 20:46:55,P1
2025-02-22 20:46:55,Received,P2,Hello from P2 at 20:46:55,P1
2025-02-22 20:46:57,Sent,P2,Hello from P1 at 20:46:57,P1
2025-02-22 20:46:57,Sent,P3,Hello from P1 at 20:46:57,P1
2025-02-22 20:46:57,Sent,P4,Hello from P1 at 20:46:57,P1
2025-02-22 20:46:57,Received,P2,Hello from P2 at 20:46:57,P1
2025-02-22 20:46:57,Received,P4,Hello from P4 at 20:46:57,P1
2025-02-22 20:46:57,Received,P3,Hello from P3 at 20:46:57,P1
2025-02-22 20:46:59,Sent,P2,Hello from P1 at 20:46:59,P1
2025-02-22 20:46:59,Sent,P3,Hello from P1 at 20:46:59,P1
2025-02-22 20:46:59,Sent,P4,Hello from P1 at 20:46:59,P1
2025-02-22 20:46:59,Received,P2,Hello from P2 at 20:46:59,P1
2025-02-22 20:46:59,Received,P4,Hello from P4 at 20:46:59,P1
2025-02-22 20:46:59,Received,P3,Hello from P3 at 20:46:59,P1
2025-02-22 20:47:01,Sent,P2,Hello from P1 at 20:47:01,P1
2025-02-22 20:47:01,Sent,P3,Hello from P1 at 20:47:01,P1
2025-02-22 20:47:01,Sent,P4,Hello from P1 at 20:47:01,P1
2025-02-22 20:47:01,Received,P2,Hello from P2 at 20:47:01,P1
2025-02-22 20:47:01,Received,P4,Hello from P4 at 20:47:01,P1
2025-02-22 20:47:01,Received,P3,Hello from P3 at 20:47:01,P1
2025-02-22 20:47:03,Sent,P2,Hello from P1 at 20:47:03,P1
2025-02-22 20:47:03,Sent,P3,Hello from P1 at 20:47:03,P1
2025-02-22 20:47:03,Sent,P4,Hello from P1 at 20:47:03,P1
2025-02-22 20:47:03,Received,P3,Hello from P3 at 20:47:03,P1
2025-02-22 20:47:03,Received,P4,Hello from P4 at 20:47:03,P1
2025-02-22 20:47:03,Received,P2,Hello from P2 at 20:47:03,P1
2025-02-22 20:47:05,Sent,P2,Hello from P1 at 20:47:05,P1
2025-02-22 20:47:05,Sent,P3,Hello from P1 at 20:47:05,P1
2025-02-22 20:47:05,Sent,P4,Hello from P1 at 20:47:05,P1
2025-02-22 20:47:05,Received,P2,Hello from P2 at 20:47:05,P1
2025-02-22 20:47:05,Received,P3,Hello from P3 at 20:47:05,P1
2025-02-22 20:47:05,Received,P4,Hello from P4 at 20:47:05,P1
2025-02-22 20:47:07,Sent,P2,Hello from P1 at 20:47:07,P1
2025-02-22 20:47:07,Sent,P3,Hello from P1 at 20:47:07,P1
2025-02-22 20:47:07,Sent,P4,Hello from P1 at 20:47:07,P1
2025-02-22 20:47:07,Received,P3,Hello from P3 at 20:47:07,P1
2025-02-22 20:47:07,Received,P2,Hello from P2 at 20:47:07,P1
2025-02-22 20:47:07,Received,P4,Hello from P4 at 20:47:07,P1
2025-02-22 20:47:09,Sent,P2,Hello from P1 at 20:47:09,P1
2025-02-22 20:47:09,Sent,P3,Hello from P1 at 20:47:09,P1
2025-02-22 20:47:09,Sent,P4,Hello from P1 at 20:47:09,P1
2025-02-22 20:47:09,Received,P2,Hello from P2 at 20:47:09,P1
2025-02-22 20:47:09,Received,P4,Hello from P4 at 20:47:09,P1
2025-02-22 20:47:09,Received,P3,Hello from P3 at 20:47:09,P1
2025-02-22 20:47:11,Sent,P2,Hello from P1 at 20:47:11,P1
2025-02-22 20:47:11,Sent,P3,Hello from P1 at 20:47:11,P1
2025-02-22 20:47:11,Sent,P4,Hello from P1 at 20:47:11,P1
2025-02-22 20:47:11,Received,P2,Hello from P2 at 20:47:11,P1
2025-02-22 20:47:11,Received,P4,Hello from P4 at 20:47:11,P1
2025-02-22 20:47:11,Received,P3,Hello from P3 at 20:47:11,P1
2025-02-22 20:47:13,Sent,P2,Hello from P1 at 20:47:13,P1
2025-02-22 20:47:13,Sent,P3,Hello from P1 at 20:47:13,P1
2025-02-22 20:47:13,Sent,P4,Hello from P1 at 20:47:13,P1
2025-02-22 20:47:13,Received,P2,Hello from P2 at 20:47:13,P1
2025-02-22 20:47:13,Received,P4,Hello from P4 at 20:47:13,P1
2025-02-22 20:47:13,Received,P3,Hello from P3 at 20:47:13,P1
2025-02-22 20:47:15,Sent,P2,Hello from P1 at 20:47:15,P1
2025-02-22 20:47:15,Sent,P3,Hello from P1 at 20:47:15,P1
2025-02-22 20:47:15,Sent,P4,Hello from P1 at 20:47:15,P1
2025-02-22 20:47:15,Received,P2,Hello from P2 at 20:47:15,P1
2025-02-22 20:47:15,Received,P4,Hello from P4 at 20:47:15,P1
2025-02-22 20:47:15,Received,P3,Hello from P3 at 20:47:15,P1
2025-02-22 20:47:17,Sent,P2,Hello from P1 at 20:47:17,P1
2025-02-22 20:47:17,Sent,P3,Hello from P1 at 20:47:17,P1
2025-02-22 20:47:17,Sent,P4,Hello from P1 at 20:47:17,P1
2025-02-22 20:47:17,Received,P2,Hello from P2 at 20:47:17,P1
2025-02-22 20:47:17,Received,P3,Hello from P3 at 20:47:17,P1
2025-02-22 20:47:17,Received,P4,Hello from P4 at 20:47:17,P1
2025-02-22 20:47:19,Sent,P2,Hello from P1 at 20:47:19,P1
2025-02-22 20:47:19,Sent,P3,Hello from P1 at 20:47:19,P1
2025-02-22 20:47:19,Sent,P4,Hello from P1 at 20:47:19,P1
2025-02-22 20:47:19,Received,P4,Hello from P4 at 20:47:19,P1
2025-02-22 20:47:19,Received,P2,Hello from P2 at 20:47:19,P1
2025-02-22 20:47:19,Received,P3,Hello from P3 at 20:47:19,P1
2025-02-22 20:47:21,Sent,P2,Hello from P1 at 20:47:21,P1
2025-02-22 20:47:21,Sent,P3,Hello from P1 at 20:47:21,P1
2025-02-22 20:47:21,Sent,P4,Hello from P1 at 20:47:21,P1
2025-02-22 20:47:21,Received,P3,Hello from P3 at 20:47:21,P1
2025-02-22 20:47:21,Received,P4,Hello from P4 at 20:47:21,P1
2025-02-22 20:47:21,Received,P2,Hello from P2 at 20:47:21,P1
2025-02-22 20:47:23,Sent,P2,Hello from P1 at 20:47:23,P1
2025-02-22 20:47:23,Sent,P3,Hello from P1 at 20:47:23,P1
2025-02-22 20:47:23,Sent,P4,Hello from P1 at 20:47:23,P1
2025-02-22 20:47:23,Received,P3,Hello from P3 at 20:47:23,P1
2025-02-22 20:47:23,Received,P2,Hello from P2 at 20:47:23,P1
2025-02-22 20:47:23,Received,P4,Hello from P4 at 20:47:23,P1
2025-02-22 20:47:25,Sent,P2,Hello from P1 at 20:47:25,P1
2025-02-22 20:47:25,Sent,P3,Hello from P1 at 20:47:25,P1
2025-02-22 20:47:25,Sent,P4,Hello from P1 at 20:47:25,P1
2025-02-22 20:47:25,Received,P3,Hello from P3 at 20:47:25,P1
2025-02-22 20:47:25,Received,P4,Hello from P4 at 20:47:25,P1
2025-02-22 20:47:25,Received,P2,Hello from P2 at 20:47:25,P1
2025-02-22 20:47:27,Sent,P2,Hello from P1 at 20:47:27,P1
2025-02-22 20:47:27,Sent,P3,Hello from P1 at 20:47:27,P1
2025-02-22 20:47:27,Sent,P4,Hello from P1 at 20:47:27,P1
2025-02-22 20:47:27,Received,P3,Hello from P3 at 20:47:27,P1
2025-02-22 20:47:27,Received,P4,Hello from P4 at 20:47:27,P1
2025-02-22 20:47:27,Received,P2,Hello from P2 at 20:47:27,P1
2025-02-22 20:47:29,Sent,P2,Hello from P1 at 20:47:29,P1
2025-02-22 20:47:29,Sent,P3,Hello from P1 at 20:47:29,P1
2025-02-22 20:47:29,Sent,P4,Hello from P1 at 20:47:29,P1
2025-02-22 20:47:29,Received,P3,Hello from P3 at 20:47:29,P1
2025-02-22 20:47:29,Received,P4,Hello from P4 at 20:47:29,P1
2025-02-22 20:47:29,Received,P2,Hello from P2 at 20:47:29,P1
2025-02-22 20:47:31,Sent,P2,Hello from P1 at 20:47:31,P1
2025-02-22 20:47:31,Sent,P3,Hello from P1 at 20:47:31,P1
2025-02-22 20:47:31,Sent,P4,Hello from P1 at 20:47:31,P1
2025-02-22 20:47:31,Received,P3,Hello from P3 at 20:47:31,P1
2025-02-22 20:47:31,Received,P2,Hello from P2 at 20:47:31,P1
2025-02-22 20:47:31,Received,P4,Hello from P4 at 20:47:31,P1
2025-02-22 20:47:33,Sent,P2,Hello from P1 at 20:47:33,P1
2025-02-22 20:47:33,Sent,P3,Hello from P1 at 20:47:33,P1
2025-02-22 20:47:33,Sent,P4,Hello from P1 at 20:47:33,P1
2025-02-22 20:47:33,Received,P2,Hello from P2 at 20:47:33,P1
2025-02-22 20:47:33,Received,P3,Hello from P3 at 20:47:33,P1
2025-02-22 20:47:33,Received,P4,Hello from P4 at 20:47:33,P1
2025-02-22 20:47:35,Sent,P2,Hello from P1 at 20:47:35,P1
2025-02-22 20:47:35,Sent,P3,Hello from P1 at 20:47:35,P1
2025-02-22 20:47:35,Sent,P4,Hello from P1 at 20:47:35,P1
2025-02-22 20:47:35,Received,P4,Hello from P4 at 20:47:35,P1
2025-02-22 20:47:35,Received,P2,Hello from P2 at 20:47:35,P1
2025-02-22 20:47:35,Received,P3,Hello from P3 at 20:47:35,P1
2025-02-22 20:47:37,Sent,P2,Hello from P1 at 20:47:37,P1
2025-02-22 20:47:37,Sent,P3,Hello from P1 at 20:47:37,P1
2025-02-22 20:47:37,Sent,P4,Hello from P1 at 20:47:37,P1
2025-02-22 20:47:37,Received,P4,Hello from P4 at 20:47:37,P1
2025-02-22 20:47:37,Received,P2,Hello from P2 at 20:47:37,P1
2025-02-22 20:47:37,Received,P3,Hello from P3 at 20:47:37,P1
2025-02-22 20:47:39,Sent,P2,Hello from P1 at 20:47:39,P1
2025-02-22 20:47:39,Sent,P3,Hello from P1 at 20:47:39,P1
2025-02-22 20:47:39,Sent,P4,Hello from P1 at 20:47:39,P1
2025-02-22 20:47:39,Received,P2,Hello from P2 at 20:47:39,P1
2025-02-22 20:47:39,Received,P3,Hello from P3 at 20:47:39,P1
2025-02-22 20:47:39,Received,P4,Hello from P4 at 20:47:39,P1
2025-02-22 20:47:41,Sent,P2,Hello from P1 at 20:47:41,P1
2025-02-22 20:47:41,Sent,P3,Hello from P1 at 20:47:41,P1
2025-02-22 20:47:41,Sent,P4,Hello from P1 at 20:47:41,P1
2025-02-22 20:47:41,Received,P4,Hello from P4 at 20:47:41,P1
2025-02-22 20:47:41,Received,P3,Hello from P3 at 20:47:41,P1
2025-02-22 20:47:41,Received,P2,Hello from P2 at 20:47:41,P1
2025-02-22 20:47:43,Sent,P2,Hello from P1 at 20:47:43,P1
2025-02-22 20:47:43,Sent,P3,Hello from P1 at 20:47:43,P1
2025-02-22 20:47:43,Sent,P4,Hello from P1 at 20:47:43,P1
2025-02-22 20:47:43,Received,P3,Hello from P3 at 20:47:43,P1
2025-02-22 20:47:43,Received,P2,Hello from P2 at 20:47:43,P1
2025-02-22 20:47:43,Received,P4,Hello from P4 at 20:47:43,P1
2025-02-22 20:47:45,Sent,P2,Hello from P1 at 20:47:45,P1
2025-02-22 20:47:45,Sent,P3,Hello from P1 at 20:47:45,P1
2025-02-22 20:47:45,Sent,P4,Hello from P1 at 20:47:45,P1
2025-02-22 20:47:45,Received,P3,Hello from P3 at 20:47:45,P1
2025-02-22 20:47:45,Received,P2,Hello from P2 at 20:47:45,P1
2025-02-22 20:47:45,Received,P4,Hello from P4 at 20:47:45,P1
2025-02-22 20:47:47,Sent,P2,Hello from P1 at 20:47:47,P1
2025-02-22 20:47:47,Sent,P3,Hello from P1 at 20:47:47,P1
2025-02-22 20:47:47,Sent,P4,Hello from P1 at 20:47:47,P1
2025-02-22 20:47:47,Received,P3,Hello from P3 at 20:47:47,P1
2025-02-22 20:47:47,Received,P4,Hello from P4 at 20:47:47,P1
2025-02-22 20:47:47,Received,P2,Hello from P2 at 20:47:47,P1
2025-02-19 20:36:43,Sent,P1,Hello from P2 at 20:36:43,P2
2025-02-19 20:36:43,Sent,P3,Hello from P2 at 20:36:43,P2
2025-02-19 20:36:43,Sent,P4,Hello from P2 at 20:36:43,P2
2025-02-19 20:36:43,Received,P1,Hello from P1 at 20:36:43,P2
2025-02-19 20:36:43,Received,P4,Hello from P4 at 20:36:43,P2
2025-02-19 20:36:43,Received,P3,Hello from P3 at 20:36:43,P2
2025-02-19 20:36:45,Sent,P1,Hello from P2 at 20:36:45,P2
2025-02-19 20:36:45,Sent,P3,Hello from P2 at 20:36:45,P2
2025-02-19 20:36:45,Sent,P4,Hello from P2 at 20:36:45,P2
2025-02-19 20:36:45,Received,P1,Hello from P1 at 20:36:45,P2
2025-02-19 20:36:45,Received,P4,Hello from P4 at 20:36:45,P2
2025-02-19 20:36:45,Received,P3,Hello from P3 at 20:36:45,P2
2025-02-19 20:36:47,Sent,P1,Hello from P2 at 20:36:47,P2
2025-02-19 20:36:47,Sent,P3,Hello from P2 at 20:36:47,P2
2025-02-19 20:36:47,Sent,P4,Hello from P2 at 20:36:47,P2
2025-02-19 20:36:47,Received,P1,Hello from P1 at 20:36:47,P2
2025-02-19 20:36:47,Received,P4,Hello from P4 at 20:36:47,P2
2025-02-19 20:36:47,Received,P3,Hello from P3 at 20:36:47,P2
2025-02-19 20:36:49,Sent,P1,Hello from P2 at 20:36:49,P2
2025-02-19 20:36:49,Sent,P3,Hello from P2 at 20:36:49,P2
2025-02-19 20:36:49,Sent,P4,Hello from P2 at 20:36:49,P2
2025-02-19 20:36:49,Received,P1,Hello from P1 at 20:36:49,P2
2025-02-19 20:36:49,Received,P4,Hello from P4 at 20:36:49,P2
2025-02-19 20:36:49,Received,P3,Hello from P3 at 20:36:49,P2
2025-02-19 20:36:51,Sent,P1,Hello from P2 at 20:36:51,P2
2025-02-19 20:36:51,Sent,P3,Hello from P2 at 20:36:51,P2
2025-02-19 20:36:51,Sent,P4,Hello from P2 at 20:36:51,P2
2025-02-19 20:36:51,Received,P1,Hello from P1 at 20:36:51,P2
2025-02-19 20:36:51,Received,P4,Hello from P4 at 20:36:51,P2
2025-02-19 20:36:51,Received,P3,Hello from P3 at 20:36:51,P2
2025-02-19 20:36:53,Sent,P1,Hello from P2 at 20:36:53,P2
2025-02-19 20:36:53,Sent,P3,Hello from P2 at 20:36:53,P2
2025-02-19 20:36:53,Sent,P4,Hello from P2 at 20:36:53,P2
2025-02-19 20:36:53,Received,P1,Hello from P1 at 20:36:53,P2
2025-02-19 20:36:53,Received,P4,Hello from P4 at 20:36:53,P2
2025-02-19 20:36:53,Received,P3,Hello from P3 at 20:36:53,P2
2025-02-19 20:36:55,Sent,P1,Hello from P2 at 20:36:55,P2
2025-02-19 20:36:55,Sent,P3,Hello from P2 at 20:36:55,P2
2025-02-19 20:36:55,Sent,P4,Hello from P2 at 20:36:55,P2
2025-02-19 20:36:55,Received,P1,Hello from P1 at 20:36:55,P2
2025-02-19 20:36:55,Received,P4,Hello from P4 at 20:36:55,P2
2025-02-19 20:36:55,Received,P3,Hello from P3 at 20:36:55,P2
2025-02-19 20:36:57,Sent,P1,Hello from P2 at 20:36:57,P2
2025-02-19 20:36:57,Sent,P3,Hello from P2 at 20:36:57,P2
2025-02-19 20:36:57,Sent,P4,Hello from P2 at 20:36:57,P2
2025-02-19 20:36:57,Received,P1,Hello from P1 at 20:36:57,P2
2025-02-19 20:36:57,Received,P3,Hello from P3 at 20:36:57,P2
2025-02-19 20:36:57,Received,P4,Hello from P4 at 20:36:57,P2
2025-02-19 20:36:59,Sent,P1,Hello from P2 at 20:36:59,P2
2025-02-19 20:36:59,Sent,P3,Hello from P2 at 20:36:59,P2
2025-02-19 20:36:59,Sent,P4,Hello from P2 at 20:36:59,P2
2025-02-19 20:36:59,Received,P1,Hello from P1 at 20:36:59,P2
2025-02-19 20:36:59,Received,P3,Hello from P3 at 20:36:59,P2
2025-02-19 20:36:59,Received,P4,Hello from P4 at 20:36:59,P2
2025-02-19 20:37:01,Sent,P1,Hello from P2 at 20:37:01,P2
2025-02-19 20:37:01,Sent,P3,Hello from P2 at 20:37:01,P2
2025-02-19 20:37:01,Sent,P4,Hello from P2 at 20:37:01,P2
2025-02-19 20:37:01,Received,P1,Hello from P1 at 20:37:01,P2
2025-02-19 20:37:01,Received,P3,Hello from P3 at 20:37:01,P2
2025-02-19 20:37:01,Received,P4,Hello from P4 at 20:37:01,P2
2025-02-19 20:37:03,Sent,P1,Hello from P2 at 20:37:03,P2
2025-02-19 20:37:03,Sent,P3,Hello from P2 at 20:37:03,P2
2025-02-19 20:37:03,Sent,P4,Hello from P2 at 20:37:03,P2
2025-02-19 20:37:03,Received,P1,Hello from P1 at 20:37:03,P2
2025-02-19 20:37:03,Received,P3,Hello from P3 at 20:37:03,P2
2025-02-19 20:37:03,Received,P4,Hello from P4 at 20:37:03,P2
2025-02-19 20:37:05,Sent,P1,Hello from P2 at 20:37:05,P2
2025-02-19 20:37:05,Sent,P3,Hello from P2 at 20:37:05,P2
2025-02-19 20:37:05,Sent,P4,Hello from P2 at 20:37:05,P2
2025-02-19 20:37:05,Received,P3,Hello from P3 at 20:37:05,P2
2025-02-19 20:37:05,Received,P1,Hello from P1 at 20:37:05,P2
2025-02-19 20:37:05,Received,P4,Hello from P4 at 20:37:05,P2
2025-02-19 20:37:07,Sent,P1,Hello from P2 at 20:37:07,P2
2025-02-19 20:37:07,Sent,P3,Hello from P2 at 20:37:07,P2
2025-02-19 20:37:07,Sent,P4,Hello from P2 at 20:37:07,P2
2025-02-19 20:37:07,Received,P1,Hello from P1 at 20:37:07,P2
2025-02-19 20:37:07,Received,P3,Hello from P3 at 20:37:07,P2
2025-02-19 20:37:07,Received,P4,Hello from P4 at 20:37:07,P2
2025-02-19 20:37:09,Sent,P1,Hello from P2 at 20:37:09,P2
2025-02-19 20:37:09,Sent,P3,Hello from P2 at 20:37:09,P2
2025-02-19 20:37:09,Sent,P4,Hello from P2 at 20:37:09,P2
2025-02-19 20:37:09,Received,P1,Hello from P1 at 20:37:09,P2
2025-02-19 20:37:09,Received,P3,Hello from P3 at 20:37:09,P2
2025-02-19 20:37:09,Received,P4,Hello from P4 at 20:37:09,P2
2025-02-19 20:37:11,Sent,P1,Hello from P2 at 20:37:11,P2
2025-02-19 20:37:11,Sent,P3,Hello from P2 at 20:37:11,P2
2025-02-19 20:37:11,Sent,P4,Hello from P2 at 20:37:11,P2
2025-02-19 20:37:11,Received,P1,Hello from P1 at 20:37:11,P2
2025-02-19 20:37:11,Received,P3,Hello from P3 at 20:37:11,P2
2025-02-19 20:37:11,Received,P4,Hello from P4 at 20:37:11,P2
2025-02-19 20:37:13,Sent,P1,Hello from P2 at 20:37:13,P2
2025-02-19 20:37:13,Sent,P3,Hello from P2 at 20:37:13,P2
2025-02-19 20:37:13,Sent,P4,Hello from P2 at 20:37:13,P2
2025-02-19 20:37:13,Received,P3,Hello from P3 at 20:37:13,P2
2025-02-19 20:37:13,Received,P1,Hello from P1 at 20:37:13,P2
2025-02-19 20:37:13,Received,P4,Hello from P4 at 20:37:13,P2
2025-02-19 20:37:15,Sent,P1,Hello from P2 at 20:37:15,P2
2025-02-19 20:37:15,Sent,P3,Hello from P2 at 20:37:15,P2
2025-02-19 20:37:15,Sent,P4,Hello from P2 at 20:37:15,P2
2025-02-19 20:37:15,Received,P3,Hello from P3 at 20:37:15,P2
2025-02-19 20:37:15,Received,P1,Hello from P1 at 20:37:15,P2
2025-02-19 20:37:15,Received,P4,Hello from P4 at 20:37:15,P2
2025-02-19 20:37:17,Sent,P1,Hello from P2 at 20:37:17,P2
2025-02-19 20:37:17,Sent,P3,Hello from P2 at 20:37:17,P2
2025-02-19 20:37:17,Sent,P4,Hello from P2 at 20:37:17,P2
2025-02-19 20:37:17,Received,P3,Hello from P3 at 20:37:17,P2
2025-02-19 20:37:17,Received,P1,Hello from P1 at 20:37:17,P2
2025-02-19 20:37:17,Received,P4,Hello from P4 at 20:37:17,P2
2025-02-19 20:37:19,Sent,P1,Hello from P2 at 20:37:19,P2
2025-02-19 20:37:19,Sent,P3,Hello from P2 at 20:37:19,P2
2025-02-19 20:37:19,Sent,P4,Hello from P2 at 20:37:19,P2
2025-02-19 20:37:19,Received,P1,Hello from P1 at 20:37:19,P2
2025-02-19 20:37:19,Received,P3,Hello from P3 at 20:37:19,P2
2025-02-19 20:37:19,Received,P4,Hello from P4 at 20:37:19,P2
2025-02-19 20:37:21,Sent,P1,Hello from P2 at 20:37:21,P2
2025-02-19 20:37:21,Sent,P3,Hello from P2 at 20:37:21,P2
2025-02-19 20:37:21,Sent,P4,Hello from P2 at 20:37:21,P2
2025-02-19 20:37:21,Received,P1,Hello from P1 at 20:37:21,P2
2025-02-19 20:37:21,Received,P3,Hello from P3 at 20:37:21,P2
2025-02-19 20:37:21,Received,P4,Hello from P4 at 20:37:21,P2
2025-02-19 20:37:23,Sent,P1,Hello from P2 at 20:37:23,P2
2025-02-19 20:37:23,Sent,P3,Hello from P2 at 20:37:23,P2
2025-02-19 20:37:23,Sent,P4,Hello from P2 at 20:37:23,P2
2025-02-19 20:37:23,Received,P1,Hello from P1 at 20:37:23,P2
2025-02-19 20:37:23,Received,P4,Hello from P4 at 20:37:23,P2
2025-02-19 20:37:23,Received,P3,Hello from P3 at 20:37:23,P2
2025-02-19 20:37:25,Sent,P1,Hello from P2 at 20:37:25,P2
2025-02-19 20:37:25,Sent,P3,Hello from P2 at 20:37:25,P2
2025-02-19 20:37:25,Sent,P4,Hello from P2 at 20:37:25,P2
2025-02-19 20:37:25,Received,P1,Hello from P1 at 20:37:25,P2
2025-02-19 20:37:25,Received,P3,Hello from P3 at 20:37:25,P2
2025-02-19 20:37:25,Received,P4,Hello from P4 at 20:37:25,P2
2025-02-19 20:37:27,Sent,P1,Hello from P2 at 20:37:27,P2
2025-02-19 20:37:27,Sent,P3,Hello from P2 at 20:37:27,P2
2025-02-19 20:37:27,Sent,P4,Hello from P2 at 20:37:27,P2
2025-02-19 20:37:27,Received,P1,Hello from P1 at 20:37:27,P2
2025-02-19 20:37:27,Received,P3,Hello from P3 at 20:37:27,P2
2025-02-19 20:37:27,Received,P4,Hello from P4 at 20:37:27,P2
2025-02-19 20:37:29,Sent,P1,Hello from P2 at 20:37:29,P2
2025-02-19 20:37:29,Sent,P3,Hello from P2 at 20:37:29,P2
2025-02-19 20:37:29,Sent,P4,Hello from P2 at 20:37:29,P2
2025-02-19 20:37:29,Received,P1,Hello from P1 at 20:37:29,P2
2025-02-19 20:37:29,Received,P4,Hello from P4 at 20:37:29,P2
2025-02-19 20:37:29,Received,P3,Hello from P3 at 20:37:29,P2
2025-02-19 20:37:31,Sent,P1,Hello from P2 at 20:37:31,P2
2025-02-19 20:37:31,Sent,P3,Hello from P2 at 20:37:31,P2
2025-02-19 20:37:31,Sent,P4,Hello from P2 at 20:37:31,P2
2025-02-19 20:37:31,Received,P1,Hello from P1 at 20:37:31,P2
2025-02-19 20:37:31,Received,P3,Hello from P3 at 20:37:31,P2
2025-02-19 20:37:31,Received,P4,Hello from P4 at 20:37:31,P2
2025-02-19 20:37:33,Sent,P1,Hello from P2 at 20:37:33,P2
2025-02-19 20:37:33,Sent,P3,Hello from P2 at 20:37:33,P2
2025-02-19 20:37:33,Sent,P4,Hello from P2 at 20:37:33,P2
2025-02-19 20:37:33,Received,P1,Hello from P1 at 20:37:33,P2
2025-02-19 20:37:33,Received,P3,Hello from P3 at 20:37:33,P2
2025-02-19 20:37:33,Received,P4,Hello from P4 at 20:37:33,P2
2025-02-19 20:37:35,Sent,P1,Hello from P2 at 20:37:35,P2
2025-02-19 20:37:35,Sent,P3,Hello from P2 at 20:37:35,P2
2025-02-19 20:37:35,Sent,P4,Hello from P2 at 20:37:35,P2
2025-02-19 20:37:35,Received,P1,Hello from P1 at 20:37:35,P2
2025-02-19 20:37:35,Received,P3,Hello from P3 at 20:37:35,P2
2025-02-19 20:37:35,Received,P4,Hello from P4 at 20:37:35,P2
2025-02-19 20:37:37,Sent,P1,Hello from P2 at 20:37:37,P2
2025-02-19 20:37:37,Sent,P3,Hello from P2 at 20:37:37,P2
2025-02-19 20:37:37,Sent,P4,Hello from P2 at 20:37:37,P2
2025-02-19 20:37:37,Received,P1,Hello from P1 at 20:37:37,P2
2025-02-19 20:37:37,Received,P3,Hello from P3 at 20:37:37,P2
2025-02-19 20:37:37,Received,P4,Hello from P4 at 20:37:37,P2
2025-02-19 20:37:39,Sent,P1,Hello from P2 at 20:37:39,P2
2025-02-19 20:37:39,Sent,P3,Hello from P2 at 20:37:39,P2
2025-02-19 20:37:39,Sent,P4,Hello from P2 at 20:37:39,P2
2025-02-19 20:37:39,Received,P1,Hello from P1 at 20:37:39,P2
2025-02-19 20:37:39,Received,P3,Hello from P3 at 20:37:39,P2
2025-02-19 20:37:39,Received,P4,Hello from P4 at 20:37:39,P2
2025-02-19 20:37:41,Sent,P1,Hello from P2 at 20:37:41,P2
2025-02-19 20:37:41,Sent,P3,Hello from P2 at 20:37:41,P2
2025-02-19 20:37:41,Sent,P4,Hello from P2 at 20:37:41,P2
2025-02-19 20:37:41,Received,P1,Hello from P1 at 20:37:41,P2
2025-02-19 20:37:41,Received,P3,Hello from P3 at 20:37:41,P2
2025-02-19 20:37:41,Received,P4,Hello from P4 at 20:37:41,P2
2025-02-22 20:46:49,Sent,P1,Hello from P2 at 20:46:49,P2
2025-02-22 20:46:49,Sent,P3,Hello from P2 at 20:46:49,P2
2025-02-22 20:46:49,Sent,P4,Hello from P2 at 20:46:49,P2
2025-02-22 20:46:49,Received,P3,Hello from P3 at 20:46:49,P2
2025-02-22 20:46:49,Received,P4,Hello from P4 at 20:46:49,P2
2025-02-22 20:46:49,Received,P1,Hello from P1 at 20:46:49,P2
2025-02-22 20:46:51,Sent,P1,Hello from P2 at 20:46:51,P2
2025-02-22 20:46:51,Sent,P3,Hello from P2 at 20:46:51,P2
2025-02-22 20:46:51,Sent,P4,Hello from P2 at 20:46:51,P2
2025-02-22 20:46:51,Received,P1,Hello from P1 at 20:46:51,P2
2025-02-22 20:46:51,Received,P4,Hello from P4 at 20:46:51,P2
2025-02-22 20:46:51,Received,P3,Hello from P3 at 20:46:51,P2
2025-02-22 20:46:53,Sent,P1,Hello from P2 at 20:46:53,P2
2025-02-22 20:46:53,Sent,P3,Hello from P2 at 20:46:53,P2
2025-02-22 20:46:53,Sent,P4,Hello from P2 at 20:46:53,P2
2025-02-22 20:46:53,Received,P1,Hello from P1 at 20:46:53,P2
2025-02-22 20:46:53,Received,P4,Hello from P4 at 20:46:53,P2
2025-02-22 20:46:53,Received,P3,Hello from P3 at 20:46:53,P2
2025-02-22 20:46:55,Sent,P1,Hello from P2 at 20:46:55,P2
2025-02-22 20:46:55,Sent,P3,Hello from P2 at 20:46:55,P2
2025-02-22 20:46:55,Sent,P4,Hello from P2 at 20:46:55,P2
2025-02-22 20:46:55,Received,P1,Hello from P1 at 20:46:55,P2
2025-02-22 20:46:55,Received,P4,Hello from P4 at 20:46:55,P2
2025-02-22 20:46:55,Received,P3,Hello from P3 at 20:46:55,P2
2025-02-22 20:46:57,Sent,P1,Hello from P2 at 20:46:57,P2
2025-02-22 20:46:57,Sent,P3,Hello from P2 at 20:46:57,P2
2025-02-22 20:46:57,Sent,P4,Hello from P2 at 20:46:57,P2
2025-02-22 20:46:57,Received,P4,Hello from P4 at 20:46:57,P2
2025-02-22 20:46:57,Received,P1,Hello from P1 at 20:46:57,P2
2025-02-22 20:46:57,Received,P3,Hello from P3 at 20:46:57,P2
2025-02-22 20:46:59,Sent,P1,Hello from P2 at 20:46:59,P2
2025-02-22 20:46:59,Sent,P3,Hello from P2 at 20:46:59,P2
2025-02-22 20:46:59,Sent,P4,Hello from P2 at 20:46:59,P2
2025-02-22 20:46:59,Received,P4,Hello from P4 at 20:46:59,P2
2025-02-22 20:46:59,Received,P1,Hello from P1 at 20:46:59,P2
2025-02-22 20:46:59,Received,P3,Hello from P3 at 20:46:59,P2
2025-02-22 20:47:01,Sent,P1,Hello from P2 at 20:47:01,P2
2025-02-22 20:47:01,Sent,P3,Hello from P2 at 20:47:01,P2
2025-02-22 20:47:01,Sent,P4,Hello from P2 at 20:47:01,P2
2025-02-22 20:47:01,Received,P4,Hello from P4 at 20:47:01,P2
2025-02-22 20:47:01,Received,P1,Hello from P1 at 20:47:01,P2
2025-02-22 20:47:01,Received,P3,Hello from P3 at 20:47:01,P2
2025-02-22 20:47:03,Sent,P1,Hello from P2 at 20:47:03,P2
2025-02-22 20:47:03,Sent,P3,Hello from P2 at 20:47:03,P2
2025-02-22 20:47:03,Sent,P4,Hello from P2 at 20:47:03,P2
2025-02-22 20:47:03,Received,P3,Hello from P3 at 20:47:03,P2
2025-02-22 20:47:03,Received,P4,Hello from P4 at 20:47:03,P2
2025-02-22 20:47:03,Received,P1,Hello from P1 at 20:47:03,P2
2025-02-22 20:47:05,Sent,P1,Hello from P2 at 20:47:05,P2
2025-02-22 20:47:05,Sent,P3,Hello from P2 at 20:47:05,P2
2025-02-22 20:47:05,Sent,P4,Hello from P2 at 20:47:05,P2
2025-02-22 20:47:05,Received,P4,Hello from P4 at 20:47:05,P2
2025-02-22 20:47:05,Received,P3,Hello from P3 at 20:47:05,P2
2025-02-22 20:47:05,Received,P1,Hello from P1 at 20:47:05,P2
2025-02-22 20:47:07,Sent,P1,Hello from P2 at 20:47:07,P2
2025-02-22 20:47:07,Sent,P3,Hello from P2 at 20:47:07,P2
2025-02-22 20:47:07,Sent,P4,Hello from P2 at 20:47:07,P2
2025-02-22 20:47:07,Received,P1,Hello from P1 at 20:47:07,P2
2025-02-22 20:47:07,Received,P4,Hello from P4 at 20:47:07,P2
2025-02-22 20:47:07,Received,P3,Hello from P3 at 20:47:07,P2
2025-02-22 20:47:09,Sent,P1,Hello from P2 at 20:47:09,P2
2025-02-22 20:47:09,Sent,P3,Hello from P2 at 20:47:09,P2
2025-02-22 20:47:09,Sent,P4,Hello from P2 at 20:47:09,P2
2025-02-22 20:47:09,Received,P1,Hello from P1 at 20:47:09,P2
2025-02-22 20:47:09,Received,P4,Hello from P4 at 20:47:09,P2
2025-02-22 20:47:09,Received,P3,Hello from P3 at 20:47:09,P2
2025-02-22 20:47:11,Sent,P1,Hello from P2 at 20:47:11,P2
2025-02-22 20:47:11,Sent,P3,Hello from P2 at 20:47:11,P2
2025-02-22 20:47:11,Sent,P4,Hello from P2 at 20:47:11,P2
2025-02-22 20:47:11,Received,P1,Hello from P1 at 20:47:11,P2
2025-02-22 20:47:11,Received,P4,Hello from P4 at 20:47:11,P2
2025-02-22 20:47:11,Received,P3,Hello from P3 at 20:47:11,P2
2025-02-22 20:47:13,Sent,P1,Hello from P2 at 20:47:13,P2
2025-02-22 20:47:13,Sent,P3,Hello from P2 at 20:47:13,P2
2025-02-22 20:47:13,Sent,P4,Hello from P2 at 20:47:13,P2
2025-02-22 20:47:13,Received,P1,Hello from P1 at 20:47:13,P2
2025-02-22 20:47:13,Received,P4,Hello from P4 at 20:47:13,P2
2025-02-22 20:47:13,Received,P3,Hello from P3 at 20:47:13,P2
2025-02-22 20:47:15,Sent,P1,Hello from P2 at 20:47:15,P2
2025-02-22 20:47:15,Sent,P3,Hello from P2 at 20:47:15,P2
2025-02-22 20:47:15,Sent,P4,Hello from P2 at 20:47:15,P2
2025-02-22 20:47:15,Received,P1,Hello from P1 at 20:47:15,P2
2025-02-22 20:47:15,Received,P4,Hello from P4 at 20:47:15,P2
2025-02-22 20:47:15,Received,P3,Hello from P3 at 20:47:15,P2
2025-02-22 20:47:17,Sent,P1,Hello from P2 at 20:47:17,P2
2025-02-22 20:47:17,Sent,P3,Hello from P2 at 20:47:17,P2
2025-02-22 20:47:17,Sent,P4,Hello from P2 at 20:47:17,P2
2025-02-22 20:47:17,Received,P1,Hello from P1 at 20:47:17,P2
2025-02-22 20:47:17,Received,P4,Hello from P4 at 20:47:17,P2
2025-02-22 20:47:17,Received,P3,Hello from P3 at 20:47:17,P2
2025-02-22 20:47:19,Sent,P1,Hello from P2 at 20:47:19,P2
2025-02-22 20:47:19,Sent,P3,Hello from P2 at 20:47:19,P2
2025-02-22 20:47:19,Sent,P4,Hello from P2 at 20:47:19,P2
2025-02-22 20:47:19,Received,P1,Hello from P1 at 20:47:19,P2
2025-02-22 20:47:19,Received,P4,Hello from P4 at 20:47:19,P2
2025-02-22 20:47:19,Received,P3,Hello from P3 at 20:47:19,P2
2025-02-22 20:47:21,Sent,P1,Hello from P2 at 20:47:21,P2
2025-02-22 20:47:21,Sent,P3,Hello from P2 at 20:47:21,P2
2025-02-22 20:47:21,Sent,P4,Hello from P2 at 20:47:21,P2
2025-02-22 20:47:21,Received,P1,Hello from P1 at 20:47:21,P2
2025-02-22 20:47:21,Received,P3,Hello from P3 at 20:47:21,P2
2025-02-22 20:47:21,Received,P4,Hello from P4 at 20:47:21,P2
2025-02-22 20:47:23,Sent,P1,Hello from P2 at 20:47:23,P2
2025-02-22 20:47:23,Sent,P3,Hello from P2 at 20:47:23,P2
2025-02-22 20:47:23,Sent,P4,Hello from P2 at 20:47:23,P2
2025-02-22 20:47:23,Received,P1,Hello from P1 at 20:47:23,P2
2025-02-22 20:47:23,Received,P4,Hello from P4 at 20:47:23,P2
2025-02-22 20:47:23,Received,P3,Hello from P3 at 20:47:23,P2
2025-02-22 20:47:25,Sent,P1,Hello from P2 at 20:47:25,P2
2025-02-22 20:47:25,Sent,P3,Hello from P2 at 20:47:25,P2
2025-02-22 20:47:25,Sent,P4,Hello from P2 at 20:47:25,P2
2025-02-22 20:47:25,Received,P1,Hello from P1 at 20:47:25,P2
2025-02-22 20:47:25,Received,P3,Hello from P3 at 20:47:25,P2
2025-02-22 20:47:25,Received,P4,Hello from P4 at 20:47:25,P2
2025-02-22 20:47:27,Sent,P1,Hello from P2 at 20:47:27,P2
2025-02-22 20:47:27,Sent,P3,Hello from P2 at 20:47:27,P2
2025-02-22 20:47:27,Sent,P4,Hello from P2 at 20:47:27,P2
2025-02-22 20:47:27,Received,P1,Hello from P1 at 20:47:27,P2
2025-02-22 20:47:27,Received,P4,Hello from P4 at 20:47:27,P2
2025-02-22 20:47:27,Received,P3,Hello from P3 at 20:47:27,P2
2025-02-22 20:47:29,Sent,P1,Hello from P2 at 20:47:29,P2
2025-02-22 20:47:29,Sent,P3,Hello from P2 at 20:47:29,P2
2025-02-22 20:47:29,Sent,P4,Hello from P2 at 20:47:29,P2
2025-02-22 20:47:29,Received,P1,Hello from P1 at 20:47:29,P2
2025-02-22 20:47:29,Received,P3,Hello from P3 at 20:47:29,P2
2025-02-22 20:47:29,Received,P4,Hello from P4 at 20:47:29,P2
2025-02-22 20:47:31,Sent,P1,Hello from P2 at 20:47:31,P2
2025-02-22 20:47:31,Sent,P3,Hello from P2 at 20:47:31,P2
2025-02-22 20:47:31,Sent,P4,Hello from P2 at 20:47:31,P2
2025-02-22 20:47:31,Received,P1,Hello from P1 at 20:47:31,P2
2025-02-22 20:47:31,Received,P4,Hello from P4 at 20:47:31,P2
2025-02-22 20:47:31,Received,P3,Hello from P3 at 20:47:31,P2
2025-02-22 20:47:33,Sent,P1,Hello from P2 at 20:47:33,P2
2025-02-22 20:47:33,Sent,P3,Hello from P2 at 20:47:33,P2
2025-02-22 20:47:33,Sent,P4,Hello from P2 at 20:47:33,P2
2025-02-22 20:47:33,Received,P1,Hello from P1 at 20:47:33,P2
2025-02-22 20:47:33,Received,P4,Hello from P4 at 20:47:33,P2
2025-02-22 20:47:33,Received,P3,Hello from P3 at 20:47:33,P2
2025-02-22 20:47:35,Sent,P1,Hello from P2 at 20:47:35,P2
2025-02-22 20:47:35,Sent,P3,Hello from P2 at 20:47:35,P2
2025-02-22 20:47:35,Sent,P4,Hello from P2 at 20:47:35,P2
2025-02-22 20:47:35,Received,P1,Hello from P1 at 20:47:35,P2
2025-02-22 20:47:35,Received,P3,Hello from P3 at 20:47:35,P2
2025-02-22 20:47:35,Received,P4,Hello from P4 at 20:47:35,P2
2025-02-22 20:47:37,Sent,P1,Hello from P2 at 20:47:37,P2
2025-02-22 20:47:37,Sent,P3,Hello from P2 at 20:47:37,P2
2025-02-22 20:47:37,Sent,P4,Hello from P2 at 20:47:37,P2
2025-02-22 20:47:37,Received,P1,Hello from P1 at 20:47:37,P2
2025-02-22 20:47:37,Received,P4,Hello from P4 at 20:47:37,P2
2025-02-22 20:47:37,Received,P3,Hello from P3 at 20:47:37,P2
2025-02-22 20:47:39,Sent,P1,Hello from P2 at 20:47:39,P2
2025-02-22 20:47:39,Sent,P3,Hello from P2 at 20:47:39,P2
2025-02-22 20:47:39,Sent,P4,Hello from P2 at 20:47:39,P2
2025-02-22 20:47:39,Received,P1,Hello from P1 at 20:47:39,P2
2025-02-22 20:47:39,Received,P4,Hello from P4 at 20:47:39,P2
2025-02-22 20:47:39,Received,P3,Hello from P3 at 20:47:39,P2
2025-02-22 20:47:41,Sent,P1,Hello from P2 at 20:47:41,P2
2025-02-22 20:47:41,Sent,P3,Hello from P2 at 20:47:41,P2
2025-02-22 20:47:41,Sent,P4,Hello from P2 at 20:47:41,P2
2025-02-22 20:47:41,Received,P1,Hello from P1 at 20:47:41,P2
2025-02-22 20:47:41,Received,P4,Hello from P4 at 20:47:41,P2
2025-02-22 20:47:41,Received,P3,Hello from P3 at 20:47:41,P2
2025-02-22 20:47:43,Sent,P1,Hello from P2 at 20:47:43,P2
2025-02-22 20:47:43,Sent,P3,Hello from P2 at 20:47:43,P2
2025-02-22 20:47:43,Sent,P4,Hello from P2 at 20:47:43,P2
2025-02-22 20:47:43,Received,P1,Hello from P1 at 20:47:43,P2
2025-02-22 20:47:43,Received,P4,Hello from P4 at 20:47:43,P2
2025-02-22 20:47:43,Received,P3,Hello from P3 at 20:47:43,P2
2025-02-22 20:47:45,Sent,P1,Hello from P2 at 20:47:45,P2
2025-02-22 20:47:45,Sent,P3,Hello from P2 at 20:47:45,P2
2025-02-22 20:47:45,Sent,P4,Hello from P2 at 20:47:45,P2
2025-02-22 20:47:45,Received,P1,Hello from P1 at 20:47:45,P2
2025-02-22 20:47:45,Received,P3,Hello from P3 at 20:47:45,P2
2025-02-22 20:47:45,Received,P4,Hello from P4 at 20:47:45,P2
2025-02-22 20:47:47,Sent,P1,Hello from P2 at 20:47:47,P2
2025-02-22 20:47:47,Sent,P3,Hello from P2 at 20:47:47,P2
2025-02-22 20:47:47,Sent,P4,Hello from P2 at 20:47:47,P2
2025-02-22 20:47:47,Received,P1,Hello from P1 at 20:47:47,P2
2025-02-22 20:47:47,Received,P3,Hello from P3 at 20:47:47,P2
2025-02-22 20:47:47,Received,P4,Hello from P4 at 20:47:47,P2
2025-02-19 20:36:43,Sent,P1,Hello from P3 at 20:36:43,P3
2025-02-19 20:36:43,Sent,P2,Hello from P3 at 20:36:43,P3
2025-02-19 20:36:43,Sent,P4,Hello from P3 at 20:36:43,P3
2025-02-19 20:36:43,Received,P2,Hello from P2 at 20:36:43,P3
2025-02-19 20:36:43,Received,P4,Hello from P4 at 20:36:43,P3
2025-02-19 20:36:43,Received,P1,Hello from P1 at 20:36:43,P3
2025-02-19 20:36:45,Sent,P1,Hello from P3 at 20:36:45,P3
2025-02-19 20:36:45,Sent,P2,Hello from P3 at 20:36:45,P3
2025-02-19 20:36:45,Sent,P4,Hello from P3 at 20:36:45,P3
2025-02-19 20:36:45,Received,P1,Hello from P1 at 20:36:45,P3
2025-02-19 20:36:45,Received,P4,Hello from P4 at 20:36:45,P3
2025-02-19 20:36:45,Received,P2,Hello from P2 at 20:36:45,P3
2025-02-19 20:36:47,Sent,P1,Hello from P3 at 20:36:47,P3
2025-02-19 20:36:47,Sent,P2,Hello from P3 at 20:36:47,P3
2025-02-19 20:36:47,Sent,P4,Hello from P3 at 20:36:47,P3
2025-02-19 20:36:47,Received,P2,Hello from P2 at 20:36:47,P3
2025-02-19 20:36:47,Received,P1,Hello from P1 at 20:36:47,P3
2025-02-19 20:36:47,Received,P4,Hello from P4 at 20:36:47,P3
2025-02-19 20:36:49,Sent,P1,Hello from P3 at 20:36:49,P3
2025-02-19 20:36:49,Sent,P2,Hello from P3 at 20:36:49,P3
2025-02-19 20:36:49,Sent,P4,Hello from P3 at 20:36:49,P3
2025-02-19 20:36:49,Received,P1,Hello from P1 at 20:36:49,P3
2025-02-19 20:36:49,Received,P2,Hello from P2 at 20:36:49,P3
2025-02-19 20:36:49,Received,P4,Hello from P4 at 20:36:49,P3
2025-02-19 20:36:51,Sent,P1,Hello from P3 at 20:36:51,P3
2025-02-19 20:36:51,Sent,P2,Hello from P3 at 20:36:51,P3
2025-02-19 20:36:51,Sent,P4,Hello from P3 at 20:36:51,P3
2025-02-19 20:36:51,Received,P2,Hello from P2 at 20:36:51,P3
2025-02-19 20:36:51,Received,P1,Hello from P1 at 20:36:51,P3
2025-02-19 20:36:51,Received,P4,Hello from P4 at 20:36:51,P3
2025-02-19 20:36:53,Sent,P1,Hello from P3 at 20:36:53,P3
2025-02-19 20:36:53,Sent,P2,Hello from P3 at 20:36:53,P3
2025-02-19 20:36:53,Sent,P4,Hello from P3 at 20:36:53,P3
2025-02-19 20:36:53,Received,P2,Hello from P2 at 20:36:53,P3
2025-02-19 20:36:53,Received,P1,Hello from P1 at 20:36:53,P3
2025-02-19 20:36:53,Received,P4,Hello from P4 at 20:36:53,P3
2025-02-19 20:36:55,Sent,P1,Hello from P3 at 20:36:55,P3
2025-02-19 20:36:55,Sent,P2,Hello from P3 at 20:36:55,P3
2025-02-19 20:36:55,Sent,P4,Hello from P3 at 20:36:55,P3
2025-02-19 20:36:55,Received,P2,Hello from P2 at 20:36:55,P3
2025-02-19 20:36:55,Received,P4,Hello from P4 at 20:36:55,P3
2025-02-19 20:36:55,Received,P1,Hello from P1 at 20:36:55,P3
2025-02-19 20:36:57,Sent,P1,Hello from P3 at 20:36:57,P3
2025-02-19 20:36:57,Sent,P2,Hello from P3 at 20:36:57,P3
2025-02-19 20:36:57,Sent,P4,Hello from P3 at 20:36:57,P3
2025-02-19 20:36:57,Received,P2,Hello from P2 at 20:36:57,P3
2025-02-19 20:36:57,Received,P1,Hello from P1 at 20:36:57,P3
2025-02-19 20:36:57,Received,P4,Hello from P4 at 20:36:57,P3
2025-02-19 20:36:59,Sent,P1,Hello from P3 at 20:36:59,P3
2025-02-19 20:36:59,Sent,P2,Hello from P3 at 20:36:59,P3
2025-02-19 20:36:59,Sent,P4,Hello from P3 at 20:36:59,P3
2025-02-19 20:36:59,Received,P2,Hello from P2 at 20:36:59,P3
2025-02-19 20:36:59,Received,P1,Hello from P1 at 20:36:59,P3
2025-02-19 20:36:59,Received,P4,Hello from P4 at 20:36:59,P3
2025-02-19 20:37:01,Sent,P1,Hello from P3 at 20:37:01,P3
2025-02-19 20:37:01,Sent,P2,Hello from P3 at 20:37:01,P3
2025-02-19 20:37:01,Sent,P4,Hello from P3 at 20:37:01,P3
2025-02-19 20:37:01,Received,P1,Hello from P1 at 20:37:01,P3
2025-02-19 20:37:01,Received,P2,Hello from P2 at 20:37:01,P3
2025-02-19 20:37:01,Received,P4,Hello from P4 at 20:37:01,P3
2025-02-19 20:37:03,Sent,P1,Hello from P3 at 20:37:03,P3
2025-02-19 20:37:03,Sent,P2,Hello from P3 at 20:37:03,P3
2025-02-19 20:37:03,Sent,P4,Hello from P3 at 20:37:03,P3
2025-02-19 20:37:03,Received,P2,Hello from P2 at 20:37:03,P3
2025-02-19 20:37:03,Received,P1,Hello from P1 at 20:37:03,P3
2025-02-19 20:37:03,Received,P4,Hello from P4 at 20:37:03,P3
2025-02-19 20:37:05,Sent,P1,Hello from P3 at 20:37:05,P3
2025-02-19 20:37:05,Sent,P2,Hello from P3 at 20:37:05,P3
2025-02-19 20:37:05,Sent,P4,Hello from P3 at 20:37:05,P3
2025-02-19 20:37:05,Received,P2,Hello from P2 at 20:37:05,P3
2025-02-19 20:37:05,Received,P1,Hello from P1 at 20:37:05,P3
2025-02-19 20:37:05,Received,P4,Hello from P4 at 20:37:05,P3
2025-02-19 20:37:07,Sent,P1,Hello from P3 at 20:37:07,P3
2025-02-19 20:37:07,Sent,P2,Hello from P3 at 20:37:07,P3
2025-02-19 20:37:07,Sent,P4,Hello from P3 at 20:37:07,P3
2025-02-19 20:37:07,Received,P2,Hello from P2 at 20:37:07,P3
2025-02-19 20:37:07,Received,P1,Hello from P1 at 20:37:07,P3
2025-02-19 20:37:07,Received,P4,Hello from P4 at 20:37:07,P3
2025-02-19 20:37:09,Sent,P1,Hello from P3 at 20:37:09,P3
2025-02-19 20:37:09,Sent,P2,Hello from P3 at 20:37:09,P3
2025-02-19 20:37:09,Sent,P4,Hello from P3 at 20:37:09,P3
2025-02-19 20:37:09,Received,P2,Hello from P2 at 20:37:09,P3
2025-02-19 20:37:09,Received,P1,Hello from P1 at 20:37:09,P3
2025-02-19 20:37:09,Received,P4,Hello from P4 at 20:37:09,P3
2025-02-19 20:37:11,Sent,P1,Hello from P3 at 20:37:11,P3
2025-02-19 20:37:11,Sent,P2,Hello from P3 at 20:37:11,P3
2025-02-19 20:37:11,Sent,P4,Hello from P3 at 20:37:11,P3
2025-02-19 20:37:11,Received,P1,Hello from P1 at 20:37:11,P3
2025-02-19 20:37:11,Received,P2,Hello from P2 at 20:37:11,P3
2025-02-19 20:37:11,Received,P4,Hello from P4 at 20:37:11,P3
2025-02-19 20:37:13,Sent,P1,Hello from P3 at 20:37:13,P3
2025-02-19 20:37:13,Sent,P2,Hello from P3 at 20:37:13,P3
2025-02-19 20:37:13,Sent,P4,Hello from P3 at 20:37:13,P3
2025-02-19 20:37:13,Received,P2,Hello from P2 at 20:37:13,P3
2025-02-19 20:37:13,Received,P4,Hello from P4 at 20:37:13,P3
2025-02-19 20:37:13,Received,P1,Hello from P1 at 20:37:13,P3
2025-02-19 20:37:15,Sent,P1,Hello from P3 at 20:37:15,P3
2025-02-19 20:37:15,Sent,P2,Hello from P3 at 20:37:15,P3
2025-02-19 20:37:15,Sent,P4,Hello from P3 at 20:37:15,P3
2025-02-19 20:37:15,Received,P2,Hello from P2 at 20:37:15,P3
2025-02-19 20:37:15,Received,P1,Hello from P1 at 20:37:15,P3
2025-02-19 20:37:15,Received,P4,Hello from P4 at 20:37:15,P3
2025-02-19 20:37:17,Sent,P1,Hello from P3 at 20:37:17,P3
2025-02-19 20:37:17,Sent,P2,Hello from P3 at 20:37:17,P3
2025-02-19 20:37:17,Sent,P4,Hello from P3 at 20:37:17,P3
2025-02-19 20:37:17,Received,P2,Hello from P2 at 20:37:17,P3
2025-02-19 20:37:17,Received,P1,Hello from P1 at 20:37:17,P3
2025-02-19 20:37:17,Received,P4,Hello from P4 at 20:37:17,P3
2025-02-19 20:37:19,Sent,P1,Hello from P3 at 20:37:19,P3
2025-02-19 20:37:19,Sent,P2,Hello from P3 at 20:37:19,P3
2025-02-19 20:37:19,Sent,P4,Hello from P3 at 20:37:19,P3
2025-02-19 20:37:19,Received,P2,Hello from P2 at 20:37:19,P3
2025-02-19 20:37:19,Received,P1,Hello from P1 at 20:37:19,P3
2025-02-19 20:37:19,Received,P4,Hello from P4 at 20:37:19,P3
2025-02-19 20:37:21,Sent,P1,Hello from P3 at 20:37:21,P3
2025-02-19 20:37:21,Sent,P2,Hello from P3 at 20:37:21,P3
2025-02-19 20:37:21,Sent,P4,Hello from P3 at 20:37:21,P3
2025-02-19 20:37:21,Received,P2,Hello from P2 at 20:37:21,P3
2025-02-19 20:37:21,Received,P1,Hello from P1 at 20:37:21,P3
2025-02-19 20:37:21,Received,P4,Hello from P4 at 20:37:21,P3
2025-02-19 20:37:23,Sent,P1,Hello from P3 at 20:37:23,P3
2025-02-19 20:37:23,Sent,P2,Hello from P3 at 20:37:23,P3
2025-02-19 20:37:23,Sent,P4,Hello from P3 at 20:37:23,P3
2025-02-19 20:37:23,Received,P1,Hello from P1 at 20:37:23,P3
2025-02-19 20:37:23,Received,P2,Hello from P2 at 20:37:23,P3
2025-02-19 20:37:23,Received,P4,Hello from P4 at 20:37:23,P3
2025-02-19 20:37:25,Sent,P1,Hello from P3 at 20:37:25,P3
2025-02-19 20:37:25,Sent,P2,Hello from P3 at 20:37:25,P3
2025-02-19 20:37:25,Sent,P4,Hello from P3 at 20:37:25,P3
2025-02-19 20:37:25,Received,P1,Hello from P1 at 20:37:25,P3
2025-02-19 20:37:25,Received,P2,Hello from P2 at 20:37:25,P3
2025-02-19 20:37:25,Received,P4,Hello from P4 at 20:37:25,P3
2025-02-19 20:37:27,Sent,P1,Hello from P3 at 20:37:27,P3
2025-02-19 20:37:27,Sent,P2,Hello from P3 at 20:37:27,P3
2025-02-19 20:37:27,Sent,P4,Hello from P3 at 20:37:27,P3
2025-02-19 20:37:27,Received,P1,Hello from P1 at 20:37:27,P3
2025-02-19 20:37:27,Received,P2,Hello from P2 at 20:37:27,P3
2025-02-19 20:37:27,Received,P4,Hello from P4 at 20:37:27,P3
2025-02-19 20:37:29,Sent,P1,Hello from P3 at 20:37:29,P3
2025-02-19 20:37:29,Sent,P2,Hello from P3 at 20:37:29,P3
2025-02-19 20:37:29,Sent,P4,Hello from P3 at 20:37:29,P3
2025-02-19 20:37:29,Received,P2,Hello from P2 at 20:37:29,P3
2025-02-19 20:37:29,Received,P1,Hello from P1 at 20:37:29,P3
2025-02-19 20:37:29,Received,P4,Hello from P4 at 20:37:29,P3
2025-02-19 20:37:31,Sent,P1,Hello from P3 at 20:37:31,P3
2025-02-19 20:37:31,Sent,P2,Hello from P3 at 20:37:31,P3
2025-02-19 20:37:31,Sent,P4,Hello from P3 at 20:37:31,P3
2025-02-19 20:37:31,Received,P1,Hello from P1 at 20:37:31,P3
2025-02-19 20:37:31,Received,P2,Hello from P2 at 20:37:31,P3
2025-02-19 20:37:31,Received,P4,Hello from P4 at 20:37:31,P3
2025-02-19 20:37:33,Sent,P1,Hello from P3 at 20:37:33,P3
2025-02-19 20:37:33,Sent,P2,Hello from P3 at 20:37:33,P3
2025-02-19 20:37:33,Sent,P4,Hello from P3 at 20:37:33,P3
2025-02-19 20:37:33,Received,P1,Hello from P1 at 20:37:33,P3
2025-02-19 20:37:33,Received,P2,Hello from P2 at 20:37:33,P3
2025-02-19 20:37:33,Received,P4,Hello from P4 at 20:37:33,P3
2025-02-19 20:37:35,Sent,P1,Hello from P3 at 20:37:35,P3
2025-02-19 20:37:35,Sent,P2,Hello from P3 at 20:37:35,P3
2025-02-19 20:37:35,Sent,P4,Hello from P3 at 20:37:35,P3
2025-02-19 20:37:35,Received,P1,Hello from P1 at 20:37:35,P3
2025-02-19 20:37:35,Received,P2,Hello from P2 at 20:37:35,P3
2025-02-19 20:37:35,Received,P4,Hello from P4 at 20:37:35,P3
2025-02-19 20:37:37,Sent,P1,Hello from P3 at 20:37:37,P3
2025-02-19 20:37:37,Sent,P2,Hello from P3 at 20:37:37,P3
2025-02-19 20:37:37,Sent,P4,Hello from P3 at 20:37:37,P3
2025-02-19 20:37:37,Received,P1,Hello from P1 at 20:37:37,P3
2025-02-19 20:37:37,Received,P2,Hello from P2 at 20:37:37,P3
2025-02-19 20:37:37,Received,P4,Hello from P4 at 20:37:37,P3
2025-02-19 20:37:39,Sent,P1,Hello from P3 at 20:37:39,P3
2025-02-19 20:37:39,Sent,P2,Hello from P3 at 20:37:39,P3
2025-02-19 20:37:39,Sent,P4,Hello from P3 at 20:37:39,P3
2025-02-19 20:37:39,Received,P2,Hello from P2 at 20:37:39,P3
2025-02-19 20:37:39,Received,P1,Hello from P1 at 20:37:39,P3
2025-02-19 20:37:39,Received,P4,Hello from P4 at 20:37:39,P3
2025-02-19 20:37:41,Sent,P1,Hello from P3 at 20:37:41,P3
2025-02-19 20:37:41,Sent,P2,Hello from P3 at 20:37:41,P3
2025-02-19 20:37:41,Sent,P4,Hello from P3 at 20:37:41,P3
2025-02-19 20:37:41,Received,P2,Hello from P2 at 20:37:41,P3
2025-02-19 20:37:41,Received,P1,Hello from P1 at 20:37:41,P3
2025-02-19 20:37:41,Received,P4,Hello from P4 at 20:37:41,P3
2025-02-22 20:46:49,Sent,P1,Hello from P3 at 20:46:49,P3
2025-02-22 20:46:49,Sent,P2,Hello from P3 at 20:46:49,P3
2025-02-22 20:46:49,Sent,P4,Hello from P3 at 20:46:49,P3
2025-02-22 20:46:49,Received,P2,Hello from P2 at 20:46:49,P3
2025-02-22 20:46:49,Received,P4,Hello from P4 at 20:46:49,P3
2025-02-22 20:46:49,Received,P1,Hello from P1 at 20:46:49,P3
2025-02-22 20:46:51,Sent,P1,Hello from P3 at 20:46:51,P3
2025-02-22 20:46:51,Sent,P2,Hello from P3 at 20:46:51,P3
2025-02-22 20:46:51,Sent,P4,Hello from P3 at 20:46:51,P3
2025-02-22 20:46:51,Received,P4,Hello from P4 at 20:46:51,P3
2025-02-22 20:46:51,Received,P2,Hello from P2 at 20:46:51,P3
2025-02-22 20:46:51,Received,P1,Hello from P1 at 20:46:51,P3
2025-02-22 20:46:53,Sent,P1,Hello from P3 at 20:46:53,P3
2025-02-22 20:46:53,Sent,P2,Hello from P3 at 20:46:53,P3
2025-02-22 20:46:53,Sent,P4,Hello from P3 at 20:46:53,P3
2025-02-22 20:46:53,Received,P2,Hello from P2 at 20:46:53,P3
2025-02-22 20:46:53,Received,P4,Hello from P4 at 20:46:53,P3
2025-02-22 20:46:53,Received,P1,Hello from P1 at 20:46:53,P3
2025-02-22 20:46:55,Sent,P1,Hello from P3 at 20:46:55,P3
2025-02-22 20:46:55,Sent,P2,Hello from P3 at 20:46:55,P3
2025-02-22 20:46:55,Sent,P4,Hello from P3 at 20:46:55,P3
2025-02-22 20:46:55,Received,P2,Hello from P2 at 20:46:55,P3
2025-02-22 20:46:55,Received,P1,Hello from P1 at 20:46:55,P3
2025-02-22 20:46:55,Received,P4,Hello from P4 at 20:46:55,P3
2025-02-22 20:46:57,Sent,P1,Hello from P3 at 20:46:57,P3
2025-02-22 20:46:57,Sent,P2,Hello from P3 at 20:46:57,P3
2025-02-22 20:46:57,Sent,P4,Hello from P3 at 20:46:57,P3
2025-02-22 20:46:57,Received,P2,Hello from P2 at 20:46:57,P3
2025-02-22 20:46:57,Received,P4,Hello from P4 at 20:46:57,P3
2025-02-22 20:46:57,Received,P1,Hello from P1 at 20:46:57,P3
2025-02-22 20:46:59,Sent,P1,Hello from P3 at 20:46:59,P3
2025-02-22 20:46:59,Sent,P2,Hello from P3 at 20:46:59,P3
2025-02-22 20:46:59,Sent,P4,Hello from P3 at 20:46:59,P3
2025-02-22 20:46:59,Received,P2,Hello from P2 at 20:46:59,P3
2025-02-22 20:46:59,Received,P4,Hello from P4 at 20:46:59,P3
2025-02-22 20:46:59,Received,P1,Hello from P1 at 20:46:59,P3
2025-02-22 20:47:01,Sent,P1,Hello from P3 at 20:47:01,P3
2025-02-22 20:47:01,Sent,P2,Hello from P3 at 20:47:01,P3
2025-02-22 20:47:01,Sent,P4,Hello from P3 at 20:47:01,P3
2025-02-22 20:47:01,Received,P2,Hello from P2 at 20:47:01,P3
2025-02-22 20:47:01,Received,P4,Hello from P4 at 20:47:01,P3
2025-02-22 20:47:01,Received,P1,Hello from P1 at 20:47:01,P3
2025-02-22 20:47:03,Sent,P1,Hello from P3 at 20:47:03,P3
2025-02-22 20:47:03,Sent,P2,Hello from P3 at 20:47:03,P3
2025-02-22 20:47:03,Sent,P4,Hello from P3 at 20:47:03,P3
2025-02-22 20:47:03,Received,P2,Hello from P2 at 20:47:03,P3
2025-02-22 20:47:03,Received,P4,Hello from P4 at 20:47:03,P3
2025-02-22 20:47:03,Received,P1,Hello from P1 at 20:47:03,P3
2025-02-22 20:47:05,Sent,P1,Hello from P3 at 20:47:05,P3
2025-02-22 20:47:05,Sent,P2,Hello from P3 at 20:47:05,P3
2025-02-22 20:47:05,Sent,P4,Hello from P3 at 20:47:05,P3
2025-02-22 20:47:05,Received,P4,Hello from P4 at 20:47:05,P3
2025-02-22 20:47:05,Received,P2,Hello from P2 at 20:47:05,P3
2025-02-22 20:47:05,Received,P1,Hello from P1 at 20:47:05,P3
2025-02-22 20:47:07,Sent,P1,Hello from P3 at 20:47:07,P3
2025-02-22 20:47:07,Sent,P2,Hello from P3 at 20:47:07,P3
2025-02-22 20:47:07,Sent,P4,Hello from P3 at 20:47:07,P3
2025-02-22 20:47:07,Received,P2,Hello from P2 at 20:47:07,P3
2025-02-22 20:47:07,Received,P1,Hello from P1 at 20:47:07,P3
2025-02-22 20:47:07,Received,P4,Hello from P4 at 20:47:07,P3
2025-02-22 20:47:09,Sent,P1,Hello from P3 at 20:47:09,P3
2025-02-22 20:47:09,Sent,P2,Hello from P3 at 20:47:09,P3
2025-02-22 20:47:09,Sent,P4,Hello from P3 at 20:47:09,P3
2025-02-22 20:47:09,Received,P1,Hello from P1 at 20:47:09,P3
2025-02-22 20:47:09,Received,P2,Hello from P2 at 20:47:09,P3
2025-02-22 20:47:09,Received,P4,Hello from P4 at 20:47:09,P3
2025-02-22 20:47:11,Sent,P1,Hello from P3 at 20:47:11,P3
2025-02-22 20:47:11,Sent,P2,Hello from P3 at 20:47:11,P3
2025-02-22 20:47:11,Sent,P4,Hello from P3 at 20:47:11,P3
2025-02-22 20:47:11,Received,P1,Hello from P1 at 20:47:11,P3
2025-02-22 20:47:11,Received,P2,Hello from P2 at 20:47:11,P3
2025-02-22 20:47:11,Received,P4,Hello from P4 at 20:47:11,P3
2025-02-22 20:47:13,Sent,P1,Hello from P3 at 20:47:13,P3
2025-02-22 20:47:13,Sent,P2,Hello from P3 at 20:47:13,P3
2025-02-22 20:47:13,Sent,P4,Hello from P3 at 20:47:13,P3
2025-02-22 20:47:13,Received,P1,Hello from P1 at 20:47:13,P3
2025-02-22 20:47:13,Received,P2,Hello from P2 at 20:47:13,P3
2025-02-22 20:47:13,Received,P4,Hello from P4 at 20:47:13,P3
2025-02-22 20:47:15,Sent,P1,Hello from P3 at 20:47:15,P3
2025-02-22 20:47:15,Sent,P2,Hello from P3 at 20:47:15,P3
2025-02-22 20:47:15,Sent,P4,Hello from P3 at 20:47:15,P3
2025-02-22 20:47:15,Received,P2,Hello from P2 at 20:47:15,P3
2025-02-22 20:47:15,Received,P1,Hello from P1 at 20:47:15,P3
2025-02-22 20:47:15,Received,P4,Hello from P4 at 20:47:15,P3
2025-02-22 20:47:17,Sent,P1,Hello from P3 at 20:47:17,P3
2025-02-22 20:47:17,Sent,P2,Hello from P3 at 20:47:17,P3
2025-02-22 20:47:17,Sent,P4,Hello from P3 at 20:47:17,P3
2025-02-22 20:47:17,Received,P2,Hello from P2 at 20:47:17,P3
2025-02-22 20:47:17,Received,P1,Hello from P1 at 20:47:17,P3
2025-02-22 20:47:17,Received,P4,Hello from P4 at 20:47:17,P3
2025-02-22 20:47:19,Sent,P1,Hello from P3 at 20:47:19,P3
2025-02-22 20:47:19,Sent,P2,Hello from P3 at 20:47:19,P3
2025-02-22 20:47:19,Sent,P4,Hello from P3 at 20:47:19,P3
2025-02-22 20:47:19,Received,P1,Hello from P1 at 20:47:19,P3
2025-02-22 20:47:19,Received,P2,Hello from P2 at 20:47:19,P3
2025-02-22 20:47:19,Received,P4,Hello from P4 at 20:47:19,P3
2025-02-22 20:47:21,Sent,P1,Hello from P3 at 20:47:21,P3
2025-02-22 20:47:21,Sent,P2,Hello from P3 at 20:47:21,P3
2025-02-22 20:47:21,Sent,P4,Hello from P3 at 20:47:21,P3
2025-02-22 20:47:21,Received,P2,Hello from P2 at 20:47:21,P3
2025-02-22 20:47:21,Received,P1,Hello from P1 at 20:47:21,P3
2025-02-22 20:47:21,Received,P4,Hello from P4 at 20:47:21,P3
2025-02-22 20:47:23,Sent,P1,Hello from P3 at 20:47:23,P3
2025-02-22 20:47:23,Sent,P2,Hello from P3 at 20:47:23,P3
2025-02-22 20:47:23,Sent,P4,Hello from P3 at 20:47:23,P3
2025-02-22 20:47:23,Received,P1,Hello from P1 at 20:47:23,P3
2025-02-22 20:47:23,Received,P2,Hello from P2 at 20:47:23,P3
2025-02-22 20:47:23,Received,P4,Hello from P4 at 20:47:23,P3
2025-02-22 20:47:25,Sent,P1,Hello from P3 at 20:47:25,P3
2025-02-22 20:47:25,Sent,P2,Hello from P3 at 20:47:25,P3
2025-02-22 20:47:25,Sent,P4,Hello from P3 at 20:47:25,P3
2025-02-22 20:47:25,Received,P1,Hello from P1 at 20:47:25,P3
2025-02-22 20:47:25,Received,P2,Hello from P2 at 20:47:25,P3
2025-02-22 20:47:25,Received,P4,Hello from P4 at 20:47:25,P3
2025-02-22 20:47:27,Sent,P1,Hello from P3 at 20:47:27,P3
2025-02-22 20:47:27,Sent,P2,Hello from P3 at 20:47:27,P3
2025-02-22 20:47:27,Sent,P4,Hello from P3 at 20:47:27,P3
2025-02-22 20:47:27,Received,P1,Hello from P1 at 20:47:27,P3
2025-02-22 20:47:27,Received,P2,Hello from P2 at 20:47:27,P3
2025-02-22 20:47:27,Received,P4,Hello from P4 at 20:47:27,P3
2025-02-22 20:47:29,Sent,P1,Hello from P3 at 20:47:29,P3
2025-02-22 20:47:29,Sent,P2,Hello from P3 at 20:47:29,P3
2025-02-22 20:47:29,Sent,P4,Hello from P3 at 20:47:29,P3
2025-02-22 20:47:29,Received,P1,Hello from P1 at 20:47:29,P3
2025-02-22 20:47:29,Received,P2,Hello from P2 at 20:47:29,P3
2025-02-22 20:47:29,Received,P4,Hello from P4 at 20:47:29,P3
2025-02-22 20:47:31,Sent,P1,Hello from P3 at 20:47:31,P3
2025-02-22 20:47:31,Sent,P2,Hello from P3 at 20:47:31,P3
2025-02-22 20:47:31,Sent,P4,Hello from P3 at 20:47:31,P3
2025-02-22 20:47:31,Received,P1,Hello from P1 at 20:47:31,P3
2025-02-22 20:47:31,Received,P2,Hello from P2 at 20:47:31,P3
2025-02-22 20:47:31,Received,P4,Hello from P4 at 20:47:31,P3
2025-02-22 20:47:33,Sent,P1,Hello from P3 at 20:47:33,P3
2025-02-22 20:47:33,Sent,P2,Hello from P3 at 20:47:33,P3
2025-02-22 20:47:33,Sent,P4,Hello from P3 at 20:47:33,P3
2025-02-22 20:47:33,Received,P2,Hello from P2 at 20:47:33,P3
2025-02-22 20:47:33,Received,P1,Hello from P1 at 20:47:33,P3
2025-02-22 20:47:33,Received,P4,Hello from P4 at 20:47:33,P3
2025-02-22 20:47:35,Sent,P1,Hello from P3 at 20:47:35,P3
2025-02-22 20:47:35,Sent,P2,Hello from P3 at 20:47:35,P3
2025-02-22 20:47:35,Sent,P4,Hello from P3 at 20:47:35,P3
2025-02-22 20:47:35,Received,P2,Hello from P2 at 20:47:35,P3
2025-02-22 20:47:35,Received,P1,Hello from P1 at 20:47:35,P3
2025-02-22 20:47:35,Received,P4,Hello from P4 at 20:47:35,P3
2025-02-22 20:47:37,Sent,P1,Hello from P3 at 20:47:37,P3
2025-02-22 20:47:37,Sent,P2,Hello from P3 at 20:47:37,P3
2025-02-22 20:47:37,Sent,P4,Hello from P3 at 20:47:37,P3
2025-02-22 20:47:37,Received,P2,Hello from P2 at 20:47:37,P3
2025-02-22 20:47:37,Received,P1,Hello from P1 at 20:47:37,P3
2025-02-22 20:47:37,Received,P4,Hello from P4 at 20:47:37,P3
2025-02-22 20:47:39,Sent,P1,Hello from P3 at 20:47:39,P3
2025-02-22 20:47:39,Sent,P2,Hello from P3 at 20:47:39,P3
2025-02-22 20:47:39,Sent,P4,Hello from P3 at 20:47:39,P3
2025-02-22 20:47:39,Received,P2,Hello from P2 at 20:47:39,P3
2025-02-22 20:47:39,Received,P1,Hello from P1 at 20:47:39,P3
2025-02-22 20:47:39,Received,P4,Hello from P4 at 20:47:39,P3
2025-02-22 20:47:41,Sent,P1,Hello from P3 at 20:47:41,P3
2025-02-22 20:47:41,Sent,P2,Hello from P3 at 20:47:41,P3
2025-02-22 20:47:41,Sent,P4,Hello from P3 at 20:47:41,P3
2025-02-22 20:47:41,Received,P1,Hello from P1 at 20:47:41,P3
2025-02-22 20:47:41,Received,P2,Hello from P2 at 20:47:41,P3
2025-02-22 20:47:41,Received,P4,Hello from P4 at 20:47:41,P3
2025-02-22 20:47:43,Sent,P1,Hello from P3 at 20:47:43,P3
2025-02-22 20:47:43,Sent,P2,Hello from P3 at 20:47:43,P3
2025-02-22 20:47:43,Sent,P4,Hello from P3 at 20:47:43,P3
2025-02-22 20:47:43,Received,P2,Hello from P2 at 20:47:43,P3
2025-02-22 20:47:43,Received,P1,Hello from P1 at 20:47:43,P3
2025-02-22 20:47:43,Received,P4,Hello from P4 at 20:47:43,P3
2025-02-22 20:47:45,Sent,P1,Hello from P3 at 20:47:45,P3
2025-02-22 20:47:45,Sent,P2,Hello from P3 at 20:47:45,P3
2025-02-22 20:47:45,Sent,P4,Hello from P3 at 20:47:45,P3
2025-02-22 20:47:45,Received,P1,Hello from P1 at 20:47:45,P3
2025-02-22 20:47:45,Received,P2,Hello from P2 at 20:47:45,P3
2025-02-22 20:47:45,Received,P4,Hello from P4 at 20:47:45,P3
2025-02-22 20:47:47,Sent,P1,Hello from P3 at 20:47:47,P3
2025-02-22 20:47:47,Sent,P2,Hello from P3 at 20:47:47,P3
2025-02-22 20:47:47,Sent,P4,Hello from P3 at 20:47:47,P3
2025-02-22 20:47:47,Received,P1,Hello from P1 at 20:47:47,P3
2025-02-22 20:47:47,Received,P2,Hello from P2 at 20:47:47,P3
2025-02-22 20:47:47,Received,P4,Hello from P4 at 20:47:47,P3
2025-02-19 20:36:43,Sent,P1,Hello from P4 at 20:36:43,P4
2025-02-19 20:36:43,Sent,P2,Hello from P4 at 20:36:43,P4
2025-02-19 20:36:43,Sent,P3,Hello from P4 at 20:36:43,P4
2025-02-19 20:36:43,Received,P1,Hello from P1 at 20:36:43,P4
2025-02-19 20:36:43,Received,P2,Hello from P2 at 20:36:43,P4
2025-02-19 20:36:43,Received,P3,Hello from P3 at 20:36:43,P4
2025-02-19 20:36:45,Sent,P1,Hello from P4 at 20:36:45,P4
2025-02-19 20:36:45,Sent,P2,Hello from P4 at 20:36:45,P4
2025-02-19 20:36:45,Sent,P3,Hello from P4 at 20:36:45,P4
2025-02-19 20:36:45,Received,P1,Hello from P1 at 20:36:45,P4
2025-02-19 20:36:45,Received,P2,Hello from P2 at 20:36:45,P4
2025-02-19 20:36:45,Received,P3,Hello from P3 at 20:36:45,P4
2025-02-19 20:36:47,Sent,P1,Hello from P4 at 20:36:47,P4
2025-02-19 20:36:47,Sent,P2,Hello from P4 at 20:36:47,P4
2025-02-19 20:36:47,Sent,P3,Hello from P4 at 20:36:47,P4
2025-02-19 20:36:47,Received,P2,Hello from P2 at 20:36:47,P4
2025-02-19 20:36:47,Received,P1,Hello from P1 at 20:36:47,P4
2025-02-19 20:36:47,Received,P3,Hello from P3 at 20:36:47,P4
2025-02-19 20:36:49,Sent,P1,Hello from P4 at 20:36:49,P4
2025-02-19 20:36:49,Sent,P2,Hello from P4 at 20:36:49,P4
2025-02-19 20:36:49,Sent,P3,Hello from P4 at 20:36:49,P4
2025-02-19 20:36:49,Received,P2,Hello from P2 at 20:36:49,P4
2025-02-19 20:36:49,Received,P1,Hello from P1 at 20:36:49,P4
2025-02-19 20:36:49,Received,P3,Hello from P3 at 20:36:49,P4
2025-02-19 20:36:51,Sent,P1,Hello from P4 at 20:36:51,P4
2025-02-19 20:36:51,Sent,P2,Hello from P4 at 20:36:51,P4
2025-02-19 20:36:51,Sent,P3,Hello from P4 at 20:36:51,P4
2025-02-19 20:36:51,Received,P2,Hello from P2 at 20:36:51,P4
2025-02-19 20:36:51,Received,P1,Hello from P1 at 20:36:51,P4
2025-02-19 20:36:51,Received,P3,Hello from P3 at 20:36:51,P4
2025-02-19 20:36:53,Sent,P1,Hello from P4 at 20:36:53,P4
2025-02-19 20:36:53,Sent,P2,Hello from P4 at 20:36:53,P4
2025-02-19 20:36:53,Sent,P3,Hello from P4 at 20:36:53,P4
2025-02-19 20:36:53,Received,P2,Hello from P2 at 20:36:53,P4
2025-02-19 20:36:53,Received,P1,Hello from P1 at 20:36:53,P4
2025-02-19 20:36:53,Received,P3,Hello from P3 at 20:36:53,P4
2025-02-19 20:36:55,Sent,P1,Hello from P4 at 20:36:55,P4
2025-02-19 20:36:55,Sent,P2,Hello from P4 at 20:36:55,P4
2025-02-19 20:36:55,Sent,P3,Hello from P4 at 20:36:55,P4
2025-02-19 20:36:55,Received,P3,Hello from P3 at 20:36:55,P4
2025-02-19 20:36:55,Received,P2,Hello from P2 at 20:36:55,P4
2025-02-19 20:36:55,Received,P1,Hello from P1 at 20:36:55,P4
2025-02-19 20:36:57,Sent,P1,Hello from P4 at 20:36:57,P4
2025-02-19 20:36:57,Sent,P2,Hello from P4 at 20:36:57,P4
2025-02-19 20:36:57,Sent,P3,Hello from P4 at 20:36:57,P4
2025-02-19 20:36:57,Received,P2,Hello from P2 at 20:36:57,P4
2025-02-19 20:36:57,Received,P1,Hello from P1 at 20:36:57,P4
2025-02-19 20:36:57,Received,P3,Hello from P3 at 20:36:57,P4
2025-02-19 20:36:59,Sent,P1,Hello from P4 at 20:36:59,P4
2025-02-19 20:36:59,Sent,P2,Hello from P4 at 20:36:59,P4
2025-02-19 20:36:59,Sent,P3,Hello from P4 at 20:36:59,P4
2025-02-19 20:36:59,Received,P3,Hello from P3 at 20:36:59,P4
2025-02-19 20:36:59,Received,P2,Hello from P2 at 20:36:59,P4
2025-02-19 20:36:59,Received,P1,Hello from P1 at 20:36:59,P4
2025-02-19 20:37:01,Sent,P1,Hello from P4 at 20:37:01,P4
2025-02-19 20:37:01,Sent,P2,Hello from P4 at 20:37:01,P4
2025-02-19 20:37:01,Sent,P3,Hello from P4 at 20:37:01,P4
2025-02-19 20:37:01,Received,P2,Hello from P2 at 20:37:01,P4
2025-02-19 20:37:01,Received,P1,Hello from P1 at 20:37:01,P4
2025-02-19 20:37:01,Received,P3,Hello from P3 at 20:37:01,P4
2025-02-19 20:37:03,Sent,P1,Hello from P4 at 20:37:03,P4
2025-02-19 20:37:03,Sent,P2,Hello from P4 at 20:37:03,P4
2025-02-19 20:37:03,Sent,P3,Hello from P4 at 20:37:03,P4
2025-02-19 20:37:03,Received,P2,Hello from P2 at 20:37:03,P4
2025-02-19 20:37:03,Received,P3,Hello from P3 at 20:37:03,P4
2025-02-19 20:37:03,Received,P1,Hello from P1 at 20:37:03,P4
2025-02-19 20:37:05,Sent,P1,Hello from P4 at 20:37:05,P4
2025-02-19 20:37:05,Sent,P2,Hello from P4 at 20:37:05,P4
2025-02-19 20:37:05,Sent,P3,Hello from P4 at 20:37:05,P4
2025-02-19 20:37:05,Received,P2,Hello from P2 at 20:37:05,P4
2025-02-19 20:37:05,Received,P3,Hello from P3 at 20:37:05,P4
2025-02-19 20:37:05,Received,P1,Hello from P1 at 20:37:05,P4
2025-02-19 20:37:07,Sent,P1,Hello from P4 at 20:37:07,P4
2025-02-19 20:37:07,Sent,P2,Hello from P4 at 20:37:07,P4
2025-02-19 20:37:07,Sent,P3,Hello from P4 at 20:37:07,P4
2025-02-19 20:37:07,Received,P2,Hello from P2 at 20:37:07,P4
2025-02-19 20:37:07,Received,P3,Hello from P3 at 20:37:07,P4
2025-02-19 20:37:07,Received,P1,Hello from P1 at 20:37:07,P4
2025-02-19 20:37:09,Sent,P1,Hello from P4 at 20:37:09,P4
2025-02-19 20:37:09,Sent,P2,Hello from P4 at 20:37:09,P4
2025-02-19 20:37:09,Sent,P3,Hello from P4 at 20:37:09,P4
2025-02-19 20:37:09,Received,P3,Hello from P3 at 20:37:09,P4
2025-02-19 20:37:09,Received,P2,Hello from P2 at 20:37:09,P4
2025-02-19 20:37:09,Received,P1,Hello from P1 at 20:37:09,P4
2025-02-19 20:37:11,Sent,P1,Hello from P4 at 20:37:11,P4
2025-02-19 20:37:11,Sent,P2,Hello from P4 at 20:37:11,P4
2025-02-19 20:37:11,Sent,P3,Hello from P4 at 20:37:11,P4
2025-02-19 20:37:11,Received,P3,Hello from P3 at 20:37:11,P4
2025-02-19 20:37:11,Received,P2,Hello from P2 at 20:37:11,P4
2025-02-19 20:37:11,Received,P1,Hello from P1 at 20:37:11,P4
2025-02-19 20:37:13,Sent,P1,Hello from P4 at 20:37:13,P4
2025-02-19 20:37:13,Sent,P2,Hello from P4 at 20:37:13,P4
2025-02-19 20:37:13,Sent,P3,Hello from P4 at 20:37:13,P4
2025-02-19 20:37:13,Received,P2,Hello from P2 at 20:37:13,P4
2025-02-19 20:37:13,Received,P3,Hello from P3 at 20:37:13,P4
2025-02-19 20:37:13,Received,P1,Hello from P1 at 20:37:13,P4
2025-02-19 20:37:15,Sent,P1,Hello from P4 at 20:37:15,P4
2025-02-19 20:37:15,Sent,P2,Hello from P4 at 20:37:15,P4
2025-02-19 20:37:15,Sent,P3,Hello from P4 at 20:37:15,P4
2025-02-19 20:37:15,Received,P2,Hello from P2 at 20:37:15,P4
2025-02-19 20:37:15,Received,P3,Hello from P3 at 20:37:15,P4
2025-02-19 20:37:15,Received,P1,Hello from P1 at 20:37:15,P4
2025-02-19 20:37:17,Sent,P1,Hello from P4 at 20:37:17,P4
2025-02-19 20:37:17,Sent,P2,Hello from P4 at 20:37:17,P4
2025-02-19 20:37:17,Sent,P3,Hello from P4 at 20:37:17,P4
2025-02-19 20:37:17,Received,P3,Hello from P3 at 20:37:17,P4
2025-02-19 20:37:17,Received,P2,Hello from P2 at 20:37:17,P4
2025-02-19 20:37:17,Received,P1,Hello from P1 at 20:37:17,P4
2025-02-19 20:37:19,Sent,P1,Hello from P4 at 20:37:19,P4
2025-02-19 20:37:19,Sent,P2,Hello from P4 at 20:37:19,P4
2025-02-19 20:37:19,Sent,P3,Hello from P4 at 20:37:19,P4
2025-02-19 20:37:19,Received,P2,Hello from P2 at 20:37:19,P4
2025-02-19 20:37:19,Received,P3,Hello from P3 at 20:37:19,P4
2025-02-19 20:37:19,Received,P1,Hello from P1 at 20:37:19,P4
2025-02-19 20:37:21,Sent,P1,Hello from P4 at 20:37:21,P4
2025-02-19 20:37:21,Sent,P2,Hello from P4 at 20:37:21,P4
2025-02-19 20:37:21,Sent,P3,Hello from P4 at 20:37:21,P4
2025-02-19 20:37:21,Received,P3,Hello from P3 at 20:37:21,P4
2025-02-19 20:37:21,Received,P2,Hello from P2 at 20:37:21,P4
2025-02-19 20:37:21,Received,P1,Hello from P1 at 20:37:21,P4
2025-02-19 20:37:23,Sent,P1,Hello from P4 at 20:37:23,P4
2025-02-19 20:37:23,Sent,P2,Hello from P4 at 20:37:23,P4
2025-02-19 20:37:23,Sent,P3,Hello from P4 at 20:37:23,P4
2025-02-19 20:37:23,Received,P3,Hello from P3 at 20:37:23,P4
2025-02-19 20:37:23,Received,P1,Hello from P1 at 20:37:23,P4
2025-02-19 20:37:23,Received,P2,Hello from P2 at 20:37:23,P4
2025-02-19 20:37:25,Sent,P1,Hello from P4 at 20:37:25,P4
2025-02-19 20:37:25,Sent,P2,Hello from P4 at 20:37:25,P4
2025-02-19 20:37:25,Sent,P3,Hello from P4 at 20:37:25,P4
2025-02-19 20:37:25,Received,P1,Hello from P1 at 20:37:25,P4
2025-02-19 20:37:25,Received,P3,Hello from P3 at 20:37:25,P4
2025-02-19 20:37:25,Received,P2,Hello from P2 at 20:37:25,P4
2025-02-19 20:37:27,Sent,P1,Hello from P4 at 20:37:27,P4
2025-02-19 20:37:27,Sent,P2,Hello from P4 at 20:37:27,P4
2025-02-19 20:37:27,Sent,P3,Hello from P4 at 20:37:27,P4
2025-02-19 20:37:27,Received,P1,Hello from P1 at 20:37:27,P4
2025-02-19 20:37:27,Received,P3,Hello from P3 at 20:37:27,P4
2025-02-19 20:37:27,Received,P2,Hello from P2 at 20:37:27,P4
2025-02-19 20:37:29,Sent,P1,Hello from P4 at 20:37:29,P4
2025-02-19 20:37:29,Sent,P2,Hello from P4 at 20:37:29,P4
2025-02-19 20:37:29,Sent,P3,Hello from P4 at 20:37:29,P4
2025-02-19 20:37:29,Received,P3,Hello from P3 at 20:37:29,P4
2025-02-19 20:37:29,Received,P1,Hello from P1 at 20:37:29,P4
2025-02-19 20:37:29,Received,P2,Hello from P2 at 20:37:29,P4
2025-02-19 20:37:31,Sent,P1,Hello from P4 at 20:37:31,P4
2025-02-19 20:37:31,Sent,P2,Hello from P4 at 20:37:31,P4
2025-02-19 20:37:31,Sent,P3,Hello from P4 at 20:37:31,P4
2025-02-19 20:37:31,Received,P1,Hello from P1 at 20:37:31,P4
2025-02-19 20:37:31,Received,P2,Hello from P2 at 20:37:31,P4
2025-02-19 20:37:31,Received,P3,Hello from P3 at 20:37:31,P4
2025-02-19 20:37:33,Sent,P1,Hello from P4 at 20:37:33,P4
2025-02-19 20:37:33,Sent,P2,Hello from P4 at 20:37:33,P4
2025-02-19 20:37:33,Sent,P3,Hello from P4 at 20:37:33,P4
2025-02-19 20:37:33,Received,P3,Hello from P3 at 20:37:33,P4
2025-02-19 20:37:33,Received,P1,Hello from P1 at 20:37:33,P4
2025-02-19 20:37:33,Received,P2,Hello from P2 at 20:37:33,P4
2025-02-19 20:37:35,Sent,P1,Hello from P4 at 20:37:35,P4
2025-02-19 20:37:35,Sent,P2,Hello from P4 at 20:37:35,P4
2025-02-19 20:37:35,Sent,P3,Hello from P4 at 20:37:35,P4
2025-02-19 20:37:35,Received,P3,Hello from P3 at 20:37:35,P4
2025-02-19 20:37:35,Received,P1,Hello from P1 at 20:37:35,P4
2025-02-19 20:37:35,Received,P2,Hello from P2 at 20:37:35,P4
2025-02-19 20:37:37,Sent,P1,Hello from P4 at 20:37:37,P4
2025-02-19 20:37:37,Sent,P2,Hello from P4 at 20:37:37,P4
2025-02-19 20:37:37,Sent,P3,Hello from P4 at 20:37:37,P4
2025-02-19 20:37:37,Received,P3,Hello from P3 at 20:37:37,P4
2025-02-19 20:37:37,Received,P1,Hello from P1 at 20:37:37,P4
2025-02-19 20:37:37,Received,P2,Hello from P2 at 20:37:37,P4
2025-02-19 20:37:39,Sent,P1,Hello from P4 at 20:37:39,P4
2025-02-19 20:37:39,Sent,P2,Hello from P4 at 20:37:39,P4
2025-02-19 20:37:39,Sent,P3,Hello from P4 at 20:37:39,P4
2025-02-19 20:37:39,Received,P2,Hello from P2 at 20:37:39,P4
2025-02-19 20:37:39,Received,P3,Hello from P3 at 20:37:39,P4
2025-02-19 20:37:39,Received,P1,Hello from P1 at 20:37:39,P4
2025-02-19 20:37:41,Sent,P1,Hello from P4 at 20:37:41,P4
2025-02-19 20:37:41,Sent,P2,Hello from P4 at 20:37:41,P4
2025-02-19 20:37:41,Sent,P3,Hello from P4 at 20:37:41,P4
2025-02-19 20:37:41,Received,P3,Hello from P3 at 20:37:41,P4
2025-02-19 20:37:41,Received,P1,Hello from P1 at 20:37:41,P4
2025-02-19 20:37:41,Received,P2,Hello from P2 at 20:37:41,P4
2025-02-22 20:46:49,Sent,P1,Hello from P4 at 20:46:49,P4
2025-02-22 20:46:49,Sent,P2,Hello from P4 at 20:46:49,P4
2025-02-22 20:46:49,Sent,P3,Hello from P4 at 20:46:49,P4
2025-02-22 20:46:49,Received,P3,Hello from P3 at 20:46:49,P4
2025-02-22 20:46:49,Received,P2,Hello from P2 at 20:46:49,P4
2025-02-22 20:46:49,Received,P1,Hello from P1 at 20:46:49,P4
2025-02-22 20:46:51,Sent,P1,Hello from P4 at 20:46:51,P4
2025-02-22 20:46:51,Sent,P2,Hello from P4 at 20:46:51,P4
2025-02-22 20:46:51,Sent,P3,Hello from P4 at 20:46:51,P4
2025-02-22 20:46:51,Received,P3,Hello from P3 at 20:46:51,P4
2025-02-22 20:46:51,Received,P2,Hello from P2 at 20:46:51,P4
2025-02-22 20:46:51,Received,P1,Hello from P1 at 20:46:51,P4
2025-02-22 20:46:53,Sent,P1,Hello from P4 at 20:46:53,P4
2025-02-22 20:46:53,Sent,P2,Hello from P4 at 20:46:53,P4
2025-02-22 20:46:53,Sent,P3,Hello from P4 at 20:46:53,P4
2025-02-22 20:46:53,Received,P2,Hello from P2 at 20:46:53,P4
2025-02-22 20:46:53,Received,P3,Hello from P3 at 20:46:53,P4
2025-02-22 20:46:53,Received,P1,Hello from P1 at 20:46:53,P4
2025-02-22 20:46:55,Sent,P1,Hello from P4 at 20:46:55,P4
2025-02-22 20:46:55,Sent,P2,Hello from P4 at 20:46:55,P4
2025-02-22 20:46:55,Sent,P3,Hello from P4 at 20:46:55,P4
2025-02-22 20:46:55,Received,P2,Hello from P2 at 20:46:55,P4
2025-02-22 20:46:55,Received,P1,Hello from P1 at 20:46:55,P4
2025-02-22 20:46:55,Received,P3,Hello from P3 at 20:46:55,P4
2025-02-22 20:46:57,Sent,P1,Hello from P4 at 20:46:57,P4
2025-02-22 20:46:57,Sent,P2,Hello from P4 at 20:46:57,P4
2025-02-22 20:46:57,Sent,P3,Hello from P4 at 20:46:57,P4
2025-02-22 20:46:57,Received,P2,Hello from P2 at 20:46:57,P4
2025-02-22 20:46:57,Received,P1,Hello from P1 at 20:46:57,P4
2025-02-22 20:46:57,Received,P3,Hello from P3 at 20:46:57,P4
2025-02-22 20:46:59,Sent,P1,Hello from P4 at 20:46:59,P4
2025-02-22 20:46:59,Sent,P2,Hello from P4 at 20:46:59,P4
2025-02-22 20:46:59,Sent,P3,Hello from P4 at 20:46:59,P4
2025-02-22 20:46:59,Received,P2,Hello from P2 at 20:46:59,P4
2025-02-22 20:46:59,Received,P3,Hello from P3 at 20:46:59,P4
2025-02-22 20:46:59,Received,P1,Hello from P1 at 20:46:59,P4
2025-02-22 20:47:01,Sent,P1,Hello from P4 at 20:47:01,P4
2025-02-22 20:47:01,Sent,P2,Hello from P4 at 20:47:01,P4
2025-02-22 20:47:01,Sent,P3,Hello from P4 at 20:47:01,P4
2025-02-22 20:47:01,Received,P2,Hello from P2 at 20:47:01,P4
2025-02-22 20:47:01,Received,P3,Hello from P3 at 20:47:01,P4
2025-02-22 20:47:01,Received,P1,Hello from P1 at 20:47:01,P4
2025-02-22 20:47:03,Sent,P1,Hello from P4 at 20:47:03,P4
2025-02-22 20:47:03,Sent,P2,Hello from P4 at 20:47:03,P4
2025-02-22 20:47:03,Sent,P3,Hello from P4 at 20:47:03,P4
2025-02-22 20:47:03,Received,P2,Hello from P2 at 20:47:03,P4
2025-02-22 20:47:03,Received,P3,Hello from P3 at 20:47:03,P4
2025-02-22 20:47:03,Received,P1,Hello from P1 at 20:47:03,P4
2025-02-22 20:47:05,Sent,P1,Hello from P4 at 20:47:05,P4
2025-02-22 20:47:05,Sent,P2,Hello from P4 at 20:47:05,P4
2025-02-22 20:47:05,Sent,P3,Hello from P4 at 20:47:05,P4
2025-02-22 20:47:05,Received,P2,Hello from P2 at 20:47:05,P4
2025-02-22 20:47:05,Received,P3,Hello from P3 at 20:47:05,P4
2025-02-22 20:47:05,Received,P1,Hello from P1 at 20:47:05,P4
2025-02-22 20:47:07,Sent,P1,Hello from P4 at 20:47:07,P4
2025-02-22 20:47:07,Sent,P2,Hello from P4 at 20:47:07,P4
2025-02-22 20:47:07,Sent,P3,Hello from P4 at 20:47:07,P4
2025-02-22 20:47:07,Received,P2,Hello from P2 at 20:47:07,P4
2025-02-22 20:47:07,Received,P1,Hello from P1 at 20:47:07,P4
2025-02-22 20:47:07,Received,P3,Hello from P3 at 20:47:07,P4
2025-02-22 20:47:09,Sent,P1,Hello from P4 at 20:47:09,P4
2025-02-22 20:47:09,Sent,P2,Hello from P4 at 20:47:09,P4
2025-02-22 20:47:09,Sent,P3,Hello from P4 at 20:47:09,P4
2025-02-22 20:47:09,Received,P1,Hello from P1 at 20:47:09,P4
2025-02-22 20:47:09,Received,P2,Hello from P2 at 20:47:09,P4
2025-02-22 20:47:09,Received,P3,Hello from P3 at 20:47:09,P4
2025-02-22 20:47:11,Sent,P1,Hello from P4 at 20:47:11,P4
2025-02-22 20:47:11,Sent,P2,Hello from P4 at 20:47:11,P4
2025-02-22 20:47:11,Sent,P3,Hello from P4 at 20:47:11,P4
2025-02-22 20:47:11,Received,P1,Hello from P1 at 20:47:11,P4
2025-02-22 20:47:11,Received,P2,Hello from P2 at 20:47:11,P4
2025-02-22 20:47:11,Received,P3,Hello from P3 at 20:47:11,P4
2025-02-22 20:47:13,Sent,P1,Hello from P4 at 20:47:13,P4
2025-02-22 20:47:13,Sent,P2,Hello from P4 at 20:47:13,P4
2025-02-22 20:47:13,Sent,P3,Hello from P4 at 20:47:13,P4
2025-02-22 20:47:13,Received,P1,Hello from P1 at 20:47:13,P4
2025-02-22 20:47:13,Received,P2,Hello from P2 at 20:47:13,P4
2025-02-22 20:47:13,Received,P3,Hello from P3 at 20:47:13,P4
2025-02-22 20:47:15,Sent,P1,Hello from P4 at 20:47:15,P4
2025-02-22 20:47:15,Sent,P2,Hello from P4 at 20:47:15,P4
2025-02-22 20:47:15,Sent,P3,Hello from P4 at 20:47:15,P4
2025-02-22 20:47:15,Received,P2,Hello from P2 at 20:47:15,P4
2025-02-22 20:47:15,Received,P1,Hello from P1 at 20:47:15,P4
2025-02-22 20:47:15,Received,P3,Hello from P3 at 20:47:15,P4
2025-02-22 20:47:17,Sent,P1,Hello from P4 at 20:47:17,P4
2025-02-22 20:47:17,Sent,P2,Hello from P4 at 20:47:17,P4
2025-02-22 20:47:17,Sent,P3,Hello from P4 at 20:47:17,P4
2025-02-22 20:47:17,Received,P1,Hello from P1 at 20:47:17,P4
2025-02-22 20:47:17,Received,P2,Hello from P2 at 20:47:17,P4
2025-02-22 20:47:17,Received,P3,Hello from P3 at 20:47:17,P4
2025-02-22 20:47:19,Sent,P1,Hello from P4 at 20:47:19,P4
2025-02-22 20:47:19,Sent,P2,Hello from P4 at 20:47:19,P4
2025-02-22 20:47:19,Sent,P3,Hello from P4 at 20:47:19,P4
2025-02-22 20:47:19,Received,P2,Hello from P2 at 20:47:19,P4
2025-02-22 20:47:19,Received,P1,Hello from P1 at 20:47:19,P4
2025-02-22 20:47:19,Received,P3,Hello from P3 at 20:47:19,P4
2025-02-22 20:47:21,Sent,P1,Hello from P4 at 20:47:21,P4
2025-02-22 20:47:21,Sent,P2,Hello from P4 at 20:47:21,P4
2025-02-22 20:47:21,Sent,P3,Hello from P4 at 20:47:21,P4
2025-02-22 20:47:21,Received,P3,Hello from P3 at 20:47:21,P4
2025-02-22 20:47:21,Received,P2,Hello from P2 at 20:47:21,P4
2025-02-22 20:47:21,Received,P1,Hello from P1 at 20:47:21,P4
2025-02-22 20:47:23,Sent,P1,Hello from P4 at 20:47:23,P4
2025-02-22 20:47:23,Sent,P2,Hello from P4 at 20:47:23,P4
2025-02-22 20:47:23,Sent,P3,Hello from P4 at 20:47:23,P4
2025-02-22 20:47:23,Received,P1,Hello from P1 at 20:47:23,P4
2025-02-22 20:47:23,Received,P2,Hello from P2 at 20:47:23,P4
2025-02-22 20:47:23,Received,P3,Hello from P3 at 20:47:23,P4
2025-02-22 20:47:25,Sent,P1,Hello from P4 at 20:47:25,P4
2025-02-22 20:47:25,Sent,P2,Hello from P4 at 20:47:25,P4
2025-02-22 20:47:25,Sent,P3,Hello from P4 at 20:47:25,P4
2025-02-22 20:47:25,Received,P1,Hello from P1 at 20:47:25,P4
2025-02-22 20:47:25,Received,P3,Hello from P3 at 20:47:25,P4
2025-02-22 20:47:25,Received,P2,Hello from P2 at 20:47:25,P4
2025-02-22 20:47:27,Sent,P1,Hello from P4 at 20:47:27,P4
2025-02-22 20:47:27,Sent,P2,Hello from P4 at 20:47:27,P4
2025-02-22 20:47:27,Sent,P3,Hello from P4 at 20:47:27,P4
2025-02-22 20:47:27,Received,P1,Hello from P1 at 20:47:27,P4
2025-02-22 20:47:27,Received,P2,Hello from P2 at 20:47:27,P4
2025-02-22 20:47:27,Received,P3,Hello from P3 at 20:47:27,P4
2025-02-22 20:47:29,Sent,P1,Hello from P4 at 20:47:29,P4
2025-02-22 20:47:29,Sent,P2,Hello from P4 at 20:47:29,P4
2025-02-22 20:47:29,Sent,P3,Hello from P4 at 20:47:29,P4
2025-02-22 20:47:29,Received,P3,Hello from P3 at 20:47:29,P4
2025-02-22 20:47:29,Received,P2,Hello from P2 at 20:47:29,P4
2025-02-22 20:47:29,Received,P1,Hello from P1 at 20:47:29,P4
2025-02-22 20:47:31,Sent,P1,Hello from P4 at 20:47:31,P4
2025-02-22 20:47:31,Sent,P2,Hello from P4 at 20:47:31,P4
2025-02-22 20:47:31,Sent,P3,Hello from P4 at 20:47:31,P4
2025-02-22 20:47:31,Received,P2,Hello from P2 at 20:47:31,P4
2025-02-22 20:47:31,Received,P1,Hello from P1 at 20:47:31,P4
2025-02-22 20:47:31,Received,P3,Hello from P3 at 20:47:31,P4
2025-02-22 20:47:33,Sent,P1,Hello from P4 at 20:47:33,P4
2025-02-22 20:47:33,Sent,P2,Hello from P4 at 20:47:33,P4
2025-02-22 20:47:33,Sent,P3,Hello from P4 at 20:47:33,P4
2025-02-22 20:47:33,Received,P1,Hello from P1 at 20:47:33,P4
2025-02-22 20:47:33,Received,P3,Hello from P3 at 20:47:33,P4
2025-02-22 20:47:33,Received,P2,Hello from P2 at 20:47:33,P4
2025-02-22 20:47:35,Sent,P1,Hello from P4 at 20:47:35,P4
2025-02-22 20:47:35,Sent,P2,Hello from P4 at 20:47:35,P4
2025-02-22 20:47:35,Sent,P3,Hello from P4 at 20:47:35,P4
2025-02-22 20:47:35,Received,P1,Hello from P1 at 20:47:35,P4
2025-02-22 20:47:35,Received,P3,Hello from P3 at 20:47:35,P4
2025-02-22 20:47:35,Received,P2,Hello from P2 at 20:47:35,P4
2025-02-22 20:47:37,Sent,P1,Hello from P4 at 20:47:37,P4
2025-02-22 20:47:37,Sent,P2,Hello from P4 at 20:47:37,P4
2025-02-22 20:47:37,Sent,P3,Hello from P4 at 20:47:37,P4
2025-02-22 20:47:37,Received,P2,Hello from P2 at 20:47:37,P4
2025-02-22 20:47:37,Received,P1,Hello from P1 at 20:47:37,P4
2025-02-22 20:47:37,Received,P3,Hello from P3 at 20:47:37,P4
2025-02-22 20:47:39,Sent,P1,Hello from P4 at 20:47:39,P4
2025-02-22 20:47:39,Sent,P2,Hello from P4 at 20:47:39,P4
2025-02-22 20:47:39,Sent,P3,Hello from P4 at 20:47:39,P4
2025-02-22 20:47:39,Received,P1,Hello from P1 at 20:47:39,P4
2025-02-22 20:47:39,Received,P3,Hello from P3 at 20:47:39,P4
2025-02-22 20:47:39,Received,P2,Hello from P2 at 20:47:39,P4
2025-02-22 20:47:41,Sent,P1,Hello from P4 at 20:47:41,P4
2025-02-22 20:47:41,Sent,P2,Hello from P4 at 20:47:41,P4
2025-02-22 20:47:41,Sent,P3,Hello from P4 at 20:47:41,P4
2025-02-22 20:47:41,Received,P2,Hello from P2 at 20:47:41,P4
2025-02-22 20:47:41,Received,P1,Hello from P1 at 20:47:41,P4
2025-02-22 20:47:41,Received,P3,Hello from P3 at 20:47:41,P4
2025-02-22 20:47:43,Sent,P1,Hello from P4 at 20:47:43,P4
2025-02-22 20:47:43,Sent,P2,Hello from P4 at 20:47:43,P4
2025-02-22 20:47:43,Sent,P3,Hello from P4 at 20:47:43,P4
2025-02-22 20:47:43,Received,P2,Hello from P2 at 20:47:43,P4
2025-02-22 20:47:43,Received,P1,Hello from P1 at 20:47:43,P4
2025-02-22 20:47:43,Received,P3,Hello from P3 at 20:47:43,P4
2025-02-22 20:47:45,Sent,P1,Hello from P4 at 20:47:45,P4
2025-02-22 20:47:45,Sent,P2,Hello from P4 at 20:47:45,P4
2025-02-22 20:47:45,Sent,P3,Hello from P4 at 20:47:45,P4
2025-02-22 20:47:45,Received,P1,Hello from P1 at 20:47:45,P4
2025-02-22 20:47:45,Received,P3,Hello from P3 at 20:47:45,P4
2025-02-22 20:47:45,Received,P2,Hello from P2 at 20:47:45,P4
2025-02-22 20:47:47,Sent,P1,Hello from P4 at 20:47:47,P4
2025-02-22 20:47:47,Sent,P2,Hello from P4 at 20:47:47,P4
2025-02-22 20:47:47,Sent,P3,Hello from P4 at 20:47:47,P4
2025-02-22 20:47:47,Received,P1,Hello from P1 at 20:47:47,P4
2025-02-22 20:47:47,Received,P2,Hello from P2 at 20:47:47,P4
2025-02-22 20:47:47,Received,P3,Hello from P3 at 20:47:47,P4
